id,domain,status,purchase_price,renewal_price,attractiveness,demand,length,registrar,created_at,expires_at,status_verified_at
fdb36379-a23e-4c7b-b5ca-44d76b1f9b0f,environment.organic,available,17,85.99,high,low,11,unstoppable,,,07/10/2026 23:45
670b5b53-04cf-428e-8bf3-e5e4822e716f,environment.green,premium,640,640,high,low,11,namesilo,,,07/10/2026 23:45
372c5746-c063-46da-9ee7-343cb5c43821,ecosystem.organic,available,17.99,85.99,high,low,9,namesilo,,,06/10/2026 08:32
b1cba7a5-594a-481d-b998-93c84143eb2b,environment.online,premium,258.95,1035.2,high,low,11,spaceship,,,07/10/2026 23:45
ed0c1e09-bf91-48f3-9e07-f91c6df5f22c,environment.place,available,17.8,17.8,high,low,11,spaceship,,,07/10/2026 23:45
5e7fbca2-9821-456c-9a8b-5ca1638f9dc5,environment.tours,available,48.2,48.2,high,low,11,cloudflare,,,07/10/2026 23:45
63493363-f234-40b1-91e2-5bb3c26e799a,environment.site,premium,1000.2,1035.2,high,low,11,unstoppable,,,07/10/2026 23:45
4e0410a6-ebfd-4568-b012-732430d218b9,environment.life,resell,,,high,low,11,Xin Net Technology Corporation,08/11/2018 08:24,08/11/2027 08:24,07/10/2026 23:45
8270eb0c-6453-43a1-8636-4d312dd06763,environment.christmas,available,30.2,30.2,high,low,11,cloudflare,,,07/10/2026 23:45
f13dfe9a-bc69-4464-9dda-232bc4c5476e,environment.luxury,available,26,26,high,low,11,spaceship,,,07/10/2026 23:45
d9d8d698-8675-4429-87fe-c1dbb34f550b,environment.press,premium,258.95,517.7,high,low,11,spaceship,,,07/10/2026 23:45
db690297-73e1-4ace-b6ad-2ebe3dae81c8,environment.immo,available,34.99,34.99,high,low,11,namesilo,,,07/10/2026 23:45
cfdc53bb-bb22-444d-b40c-ea8dfcf73d83,environment.movie,available,40.98,496.98,high,low,11,namecheap,,,07/10/2026 23:45
51f88bcc-869b-4368-a5c5-fc76782fbcc8,environment.cloud,premium,440,550,high,low,11,dynadot,,,07/10/2026 23:45
1f3fd47b-bcbd-4e88-92b6-a3c98638bd4a,environment.guitars,available,104.99,114.99,high,low,11,namesilo,,,07/10/2026 23:45
72a02379-e4ea-4628-a570-5593ee111f41,environment.moi,available,27,25.99,high,low,11,unstoppable,,,07/10/2026 23:45
ad1ad75c-3d4e-4139-8924-0d69f4f7f5a9,environment.video,premium,242,242,high,low,11,namesilo,,,07/10/2026 23:45
aa043928-a814-44ea-b2d7-dafa2d05d686,environment.auction,available,36.99,36.99,high,low,11,namesilo,,,07/10/2026 23:45
a149b153-01b7-4e7a-9a93-3a3d95a761e5,environment.vet,available,41.99,41.99,high,low,11,namesilo,,,07/10/2026 23:45
dc78a5fd-8bfa-4469-818f-2ac06e4c18bc,environment.salon,available,45.74,45.74,high,low,11,spaceship,,,07/10/2026 23:45
f39405d9-6f9f-4d66-b693-9c35d9025b92,environment.giving,available,6.41,22.39,high,low,11,spaceship,,,07/10/2026 23:45
f6208236-a0c0-4f36-9af8-314d6b4ba9d9,environment.tickets,available,359.99,488.88,high,low,11,namesilo,,,07/10/2026 23:45
0ae1b0a0-5afe-42b3-9b19-c27a5590be9a,environment.moe,premium,302.5,14.16,high,low,11,namesilo,,,07/10/2026 23:45
7e7bc3f4-00c0-4ca3-bc20-bfd0cccae8fa,environment.melbourne,available,44.98,53.98,high,low,11,namecheap,,,07/10/2026 23:45
adc75d3b-9328-4686-a885-fb4cd7c8711b,environment.faith,premium,517.7,67.48,high,low,11,spaceship,,,07/10/2026 23:45
b20fb0d1-1ba0-4d01-9af0-e73dbdb1154f,environment.dog,available,7.49,64.99,high,low,11,namesilo,,,07/10/2026 23:45
cd451d1b-38f0-449d-9aa8-1ef1e4f3d795,environment.rip,available,23.49,23.49,high,low,11,namesilo,,,07/10/2026 23:45
548bc4f3-2c1e-4c58-a960-69e0947cda75,environment.exchange,premium,99.5,102.67,high,low,11,unstoppable,,,07/10/2026 23:45
508d1d99-09d7-4f6c-80d5-a9a18c0ebdf1,environment.foo,premium,30.22,30.22,high,low,11,spaceship,,,07/10/2026 23:45
f0b650f0-2375-468f-b8d2-9f85c81197cf,environment.fail,available,31.25,31.25,high,low,11,spaceship,,,07/10/2026 23:45
1234d875-a646-4b5b-9bde-6534f2029912,environment.global,premium,1596,53.92,high,low,11,namesilo,,,07/10/2026 23:45
3590483b-4ad7-4a83-b92c-d80375c6606e,environment.tips,available,8.24,29.11,high,low,11,dynadot,,,07/10/2026 23:45
5ec94aa1-b5b4-4bbe-91ec-4bd2ca8c41e7,environment.id,resell,,,high,low,11,PT Digital Registra Indonesia,29/12/2021 00:15,29/12/2026 23:59,07/10/2026 23:45
13a3cd46-fa27-45b1-b0f4-30e8df031548,environment.catering,available,38.99,38.99,high,low,11,namesilo,,,07/10/2026 23:45
a8470546-e43b-424e-9634-7801e3620d56,environment.apartments,available,57.99,57.99,high,low,11,namesilo,,,07/10/2026 23:45
106b9c4f-0438-493a-b922-e01aa6750524,environment.exposed,available,17.2,17.2,high,low,11,cloudflare,,,07/10/2026 23:45
97d1faad-e212-4d5b-b30b-bef84a5413b8,environment.red,available,8.48,18.83,high,low,11,spaceship,,,07/10/2026 23:45
661a992f-18f4-4ad6-8b1a-6d9889139874,environment.bar,premium,108,108,high,low,11,namesilo,,,07/10/2026 23:45
1d0eb71f-4a1d-43f6-9257-ea616dc88ea3,environment.cool,available,9.49,44.99,high,low,11,namesilo,,,07/10/2026 23:45
924f8d74-7365-4f96-ad35-7e51462993c1,environment.healthcare,available,70.58,70.58,high,low,11,spaceship,,,07/10/2026 23:45
80e6c926-489f-48a2-abc9-8f077db926ff,environment.rehab,available,8.24,33.39,high,low,11,dynadot,,,07/10/2026 23:45
b6293887-c2ed-4320-a5b9-9024fc966da5,environment.town,available,8.5,30.15,high,low,11,unstoppable,,,07/10/2026 23:45
c37b0017-a86a-4840-afeb-4767ef08442b,environment.fyi,resell,,,high,low,11,"GoDaddy.com, LLC",02/07/2024 16:47,02/07/2027 16:47,07/10/2026 23:45
5fbfe371-14f6-477b-bae6-759078cd430c,environment.irish,available,5.98,35.48,high,low,11,namecheap,,,07/10/2026 23:45
3b4b4058-bdfc-40e1-96d1-2762e926eb1e,environment.engineer,premium,71.4,71.4,high,low,11,namesilo,,,07/10/2026 23:45
a5e4abe5-4c1d-432f-aee3-615480a4c717,environment.win,premium,362.45,51.95,high,low,11,spaceship,,,07/10/2026 23:45
b2bf9778-4caf-4708-b489-899faae7401f,environment.delivery,available,6.75,61.99,high,low,11,namesilo,,,07/10/2026 23:45
44884630-276c-4920-9fec-c02ab3a36b5d,environment.limited,available,28.2,28.2,high,low,11,cloudflare,,,07/10/2026 23:45
21b9cc9e-9ebf-4b13-a27a-76cc50adc8fa,environment.shiksha,available,10.92,41.81,high,low,11,dynadot,,,07/10/2026 23:45
32e64314-5bf5-426d-bdc9-b418e0ff5bb7,environment.gmbh,available,35.2,35.2,high,low,11,cloudflare,,,07/10/2026 23:45
898d030d-f0ee-4b98-ac52-3a725a1b1579,environment.talk,premium,66,66,high,low,11,dynadot,,,07/10/2026 23:45
1c25300f-5e86-43bb-b74b-b3ea5ed5fa78,environment.bond,premium,68.43,147.2,high,low,11,namesilo,,,07/10/2026 23:45
701c3cb8-275f-4e36-b96e-aa2dfb3a3b8f,environment.house,available,12.98,62.48,high,low,11,namecheap,,,07/10/2026 23:45
3796fae5-d9a1-4568-a372-5bb24da8a280,environment.florist,available,26.08,26.08,high,low,11,spaceship,,,07/10/2026 23:45
feda2fa8-f831-48b7-a3b2-471df840ff49,environment.solar,available,64.99,64.99,high,low,11,namesilo,,,07/10/2026 23:45
6219b87c-6ca9-4289-b508-c3c45480e7c2,environment.yoga,available,33.98,45.98,high,low,11,namecheap,,,07/10/2026 23:45
47b20954-70fb-480d-af3b-a1ec7b5af155,environment.download,premium,448,53.92,high,low,11,namesilo,,,07/10/2026 23:45
cd407e39-d02b-4751-a54a-393b3ff11878,environment.cafe,available,5.38,41.6,high,low,11,spaceship,,,07/10/2026 23:45
ece61d31-3747-426d-9eb0-9e8dfe616187,environment.cleaning,available,75.49,75.49,high,low,11,namesilo,,,07/10/2026 23:45
656a7e36-79a6-4a05-b769-0455da743d25,environment.car,available,2070,2400,high,low,11,namecheap,,,07/10/2026 23:45
31becb36-acb3-4aca-bd0e-ff35fe31d7a9,environment.lease,available,58.98,73.98,high,low,11,namecheap,,,07/10/2026 23:45
e91ecdc4-5fe5-4f13-b432-dcc2f42b5967,environment.legal,available,71.99,71.99,high,low,11,namesilo,,,07/10/2026 23:45
5cadfa1e-d635-429c-841d-af829602d839,environment.expert,premium,128.7,128.7,high,low,11,namecheap,,,07/10/2026 23:45
b3e14b94-214d-48af-a487-2f2df1d41a96,environment.tech,premium,13800,13800,high,low,11,namesilo,,,07/10/2026 23:45
e510270e-b742-4413-822f-c1aae8787c05,environment.golf,available,7.49,64.99,high,low,11,namesilo,,,07/10/2026 23:45
b9454105-bbd4-48a9-a734-6b8aa3e0bbf5,environment.date,premium,384,53.92,high,low,11,namesilo,,,07/10/2026 23:45
d9d63f1d-5a2a-4504-bef9-471f38066e29,environment.inc,premium,2061.5,2660,high,low,11,namesilo,,,07/10/2026 23:45
c5627c0d-9bab-4cbc-96f7-6ef563bf6c74,environment.cards,available,38.99,38.99,high,low,11,namesilo,,,07/10/2026 23:45
7becaaf0-dac3-45aa-842e-1a681b8bb394,environment.camp,available,62.99,62.99,high,low,11,namesilo,,,07/10/2026 23:45
60db2fc5-f453-4eca-9ec2-c5af954ca847,environment.care,resell,,,high,low,11,GoDaddy Online Services Cayman Islands Ltd.,12/12/2015 07:16,12/12/2026 07:16,07/10/2026 23:45
54e892ce-abd6-4c47-b768-d470471f29a9,environment.gay,available,1.75,31.28,high,low,11,spaceship,,,07/10/2026 23:45
19e24f28-81e9-4cc2-ae61-daa1dba72f40,environment.deals,available,31.25,31.25,high,low,11,spaceship,,,07/10/2026 23:45
0218ed51-480c-47bf-9eb8-848e1865ea05,environment.moda,available,41.99,41.99,high,low,11,namesilo,,,07/10/2026 23:45
4743fe75-4c5b-45a2-87a8-0d8f04094f07,environment.buzz,premium,116,53.92,high,low,11,namesilo,,,07/10/2026 23:45
3c55ca51-d7c5-4087-aee4-51b1482ebc9f,environment.ac,available,45,45,high,low,11,cloudflare,,,07/10/2026 23:45
05256ed6-7e95-4bfd-bede-e0f2107f8975,environment.engineering,resell,11.99,,high,low,11,Dynadot Inc,03/04/2026 05:10,03/04/2027 05:10,07/10/2026 23:45
a716fd7c-4339-4207-84f2-d2dafde0d5d0,environment.nexus,premium,29.2,30.22,high,low,11,unstoppable,,,07/10/2026 23:45
1e5969aa-c50f-4079-ba8b-b38cb77e5e90,environment.cyou,premium,59.71,119.23,high,low,11,spaceship,,,07/10/2026 23:45
461b3c28-7b05-4ba4-9995-f372bc4d9996,environment.limo,available,54.99,54.99,high,low,11,namesilo,,,07/10/2026 23:45
fc685862-8ac7-46c6-a4cb-e6ea7a7df3dc,environment.cc,resell,,,high,low,11,"22net, Inc.",20/08/2013 08:01,20/08/2027 08:01,07/10/2026 23:45
c47e3ae6-55e3-44c1-9261-182bdc4cb641,environment.bayern,available,34.99,34.99,high,low,11,namesilo,,,07/10/2026 23:45
6064a8ab-8cd2-4794-a8c2-0646f60b5bff,environment.immobilien,available,29.2,29.2,high,low,11,cloudflare,,,07/10/2026 23:45
206d4bba-561e-4285-ae0e-b1c336d7227a,environment.dad,premium,133.72,133.72,high,low,11,spaceship,,,07/10/2026 23:45
38252bc5-5f42-40d8-b18f-1863f06d3fb9,environment.center,available,5.99,32.49,high,low,11,namesilo,,,07/10/2026 23:45
237a7f6e-a3f3-4bf5-9065-2907337179ed,environment.uno,premium,,,high,low,11,,,,07/10/2026 23:45
5ab0b733-b3d3-4fe4-b4d7-b7333c175fb1,environment.community,available,36.43,36.43,high,low,11,spaceship,,,07/10/2026 23:45
75f1f6b9-05f8-4fc8-b0ff-70790c910e22,environment.ag,available,82.5,82.5,high,low,11,dynadot,,,07/10/2026 23:45
30d25601-befe-4d9c-bf8a-7490ff0f1010,environment.hamburg,available,69.98,73.98,high,low,11,namecheap,,,07/10/2026 23:45
5244b14c-4f33-4eb7-996e-c5bfa848f33e,environment.fund,premium,68.51,68.51,high,low,11,spaceship,,,07/10/2026 23:45
529d1de4-bd12-46f0-bd04-a660d7595327,environment.family,premium,102.67,102.67,high,low,11,spaceship,,,07/10/2026 23:45
0bbdf335-65fd-452a-8c45-5ce239601862,environment.gold,available,9.99,99.99,high,low,11,namesilo,,,07/10/2026 23:45
4263db96-59a4-4f35-bf79-bbd0abf0a54a,environment.voyage,available,46.78,46.78,high,low,11,spaceship,,,07/10/2026 23:45
f663f250-0e87-41c9-8911-799b761376af,environment.cheap,available,5.38,29.18,high,low,11,spaceship,,,07/10/2026 23:45
fb4b015e-ab4f-4477-8999-c255a48319b9,environment.theater,available,51.95,51.95,high,low,11,spaceship,,,07/10/2026 23:45
38cff443-886f-45bc-9b62-83691c3a1cd9,environment.black,available,15.73,51.95,high,low,11,spaceship,,,07/10/2026 23:45
eb3809f5-94a5-44bd-ba1e-8d0dc510b55f,environment.finance,available,15.73,51.95,high,low,11,spaceship,,,07/10/2026 23:45
7109c8dc-0b28-463e-ac60-b318b16b2758,environment.sarl,available,5.38,5.38,high,low,11,spaceship,,,07/10/2026 23:45
dc988e0b-7aaf-43fb-a210-3c1c052df225,environment.rodeo,premium,207.2,10.55,high,low,11,spaceship,,,07/10/2026 23:45
e147a268-68a8-4471-829c-a5b8877e46b1,environment.barcelona,available,25.04,25.04,high,low,11,spaceship,,,07/10/2026 23:45
dfc33b79-eb4e-4cf1-b260-11e5117b0e51,environment.bet,available,7.96,20.9,high,low,11,spaceship,,,07/10/2026 23:45
7306adae-7b9e-489f-bb78-ddfdd9b13931,environment.audio,available,100.2,100.2,high,low,11,cloudflare,,,07/10/2026 23:45
2d1352d9-ffc3-4ff3-853d-3690b5e6fcde,environment.xxx,available,53.72,101.87,high,low,11,dynadot,,,07/10/2026 23:45
0fcb8dab-0673-4eb6-ba7c-6028404106ad,environment.onl,available,5.49,23.49,high,low,11,namesilo,,,07/10/2026 23:45
48847f60-9071-4e80-b3d7-d492a192be03,environment.fm,available,88.99,88.99,high,low,11,namesilo,,,07/10/2026 23:45
9d003ff4-7f73-4740-9f98-6cf23102e7fe,environment.school,premium,51.43,102.67,high,low,11,spaceship,,,07/10/2026 23:45
0cfb5393-1e94-4874-a9fe-3e997914a20d,environment.storage,available,509.99,529.99,high,low,11,namesilo,,,07/10/2026 23:45
8d34b5fa-0d20-4edd-94a2-4b000989c381,environment.store,premium,500.2,550,high,low,11,unstoppable,,,07/10/2026 23:45
b5992186-6e14-4d5a-842f-24358fb49b7d,environment.protection,available,1999.99,2049.99,high,low,11,namesilo,,,07/10/2026 23:45
cd8b6a3c-a635-4672-a47e-f2613d96939c,environment.garden,available,1.24,26.08,high,low,11,spaceship,,,07/10/2026 23:45
b58c944d-3f04-40ce-8430-5ea59d6ad037,environment.wedding,available,32.49,32.49,high,low,11,namesilo,,,07/10/2026 23:45
64fb5eb4-2064-48f2-bd13-9eae8427b37a,environment.toys,available,13.14,51.95,high,low,11,spaceship,,,07/10/2026 23:45
54f77576-f84d-4808-a055-baf41c379e87,environment.food,available,5.49,39.99,high,low,11,namesilo,,,07/10/2026 23:45
83d5217b-1562-466b-95ed-f8b491ad29c9,environment.discount,available,29.98,39.98,high,low,11,namecheap,,,07/10/2026 23:45
a95aa334-5370-41ca-af9f-b6ffe59e7f70,environment.party,premium,13800,116,high,low,11,namesilo,,,07/10/2026 23:45
d5ada53b-9395-4611-867e-8051706d106b,environment.singles,available,3.31,27.11,high,low,11,spaceship,,,07/10/2026 23:45
e074f0f4-ce49-4b18-958f-7da613003a63,environment.esq,premium,164.77,164.77,high,low,11,spaceship,,,07/10/2026 23:45
0eb6d3a0-34df-4ebd-a1fa-8ce611e3627f,environment.markets,available,5.38,15.73,high,low,11,spaceship,,,07/10/2026 23:45
65ad798a-37c2-4de3-9799-5d21b952fb7a,environment.kim,available,18.2,18.2,high,low,11,cloudflare,,,07/10/2026 23:45
db0116b1-2956-44fd-9ccc-8023309345c4,environment.hair,available,1.99,17.29,high,low,11,namesilo,,,07/10/2026 23:45
176d965c-cd06-4e76-b55f-51b24ec1427f,environment.clothing,available,32.99,32.99,high,low,11,namesilo,,,07/10/2026 23:45
a7850834-b354-424b-b446-d9395e4c2b4c,environment.band,available,20.99,31.49,high,low,11,namesilo,,,07/10/2026 23:45
773ae74b-0a75-4805-a34a-1209b0220cac,environment.broker,available,8.24,33.39,high,low,11,dynadot,,,07/10/2026 23:45
8cb726fd-0f6a-47f2-ae2b-5ca130ac60c8,environment.so,available,,,high,low,11,,,,
edc5359e-8a37-4e8a-b794-651fcf9a0fad,environment.luxe,available,15.73,15.73,high,low,11,spaceship,,,07/10/2026 23:45
45d9b2b1-8353-4b66-8106-d190663fe6b2,environment.locker,premium,207.2,31.25,high,low,11,spaceship,,,07/10/2026 23:45
7de903a9-30fc-49f9-88eb-fb42f365c6ea,environment.channel,premium,133.72,133.72,high,low,11,spaceship,,,07/10/2026 23:45
db7e484f-02d3-41d9-8169-515f4b4b28e4,environment.farm,available,4.98,54.98,high,low,11,namecheap,,,07/10/2026 23:45
0eb8ed8c-df80-4fcd-99b5-d66046406119,environment.menu,available,26.97,26.97,high,low,11,dynadot,,,07/10/2026 23:45
4a22aedc-5afc-4670-a4d0-f9f0357c4d2a,environment.host,premium,640,640,high,low,11,namesilo,,,07/10/2026 23:45
d21c0289-4ee1-47eb-9f0a-0b8793291f52,environment.surf,available,25.2,25.2,high,low,11,cloudflare,,,07/10/2026 23:45
47bfafbc-9f52-488f-b65c-8ba1a64dc6f0,environment.how,premium,39.2,40.57,high,low,11,unstoppable,,,07/10/2026 23:45
ccd0a2d0-4c6f-4f72-94a2-b1b4a6551ca7,environment.show,available,14.17,35.39,high,low,11,spaceship,,,07/10/2026 23:45
a19c8232-a3cc-4ba3-95cd-4a1556653524,environment.ceo,premium,254.72,254.72,high,low,11,namesilo,,,07/10/2026 23:45
b6845e4c-ae49-4e51-aaba-1ce43ccfb32e,environment.berlin,available,79.98,89.98,high,low,11,namecheap,,,07/10/2026 23:45
6f5eb6cc-2792-4b26-ac71-8220512d6c06,environment.tools,available,7.45,29.18,high,low,11,spaceship,,,07/10/2026 23:45
0a9c3c51-dd5d-45b8-aec6-61692cd83fa7,environment.fans,premium,51.95,103.7,high,low,11,spaceship,,,07/10/2026 23:45
c463d2fc-db4b-43f6-9e8e-8cecbee3d04c,environment.tattoo,available,2.99,34.99,high,low,11,namesilo,,,07/10/2026 23:45
d6f0769e-f39d-4abd-878a-fd328ecfbf06,environment.fishing,premium,47.2,29.5,high,low,11,namesilo,,,07/10/2026 23:45
9184761e-058f-46fb-b81c-01c34e2918dc,environment.paris,available,66.98,66.98,high,low,11,namecheap,,,07/10/2026 23:45
742a4673-65c0-4077-b87a-5dc8fb17a573,environment.ryukyu,available,17.98,22.98,high,low,11,namecheap,,,07/10/2026 23:45
74853c02-3c05-4766-ab47-b7baaf9fb8b2,environment.llc,premium,640,640,high,low,11,namesilo,,,07/10/2026 23:45
56e3ce35-d97f-4eda-9d88-0fc4383f237c,environment.supplies,available,24.99,24.99,high,low,11,namesilo,,,07/10/2026 23:45
c0bd3fbb-70cc-4cf4-b8da-3ba7d0fb54f1,environment.cx,available,18.99,18.99,high,low,11,namesilo,,,07/10/2026 23:45
a6ba6b71-dc32-4963-86cb-eb92f3ee3148,environment.domains,available,34.36,34.36,high,low,11,spaceship,,,07/10/2026 23:45
216c90a2-2e13-45f7-8659-3c12fd21cfc8,environment.baby,available,1.18,51.8,high,low,11,spaceship,,,07/10/2026 23:45
c501edc6-76b4-42cb-8d63-a82f0c5922b8,environment.poker,available,10.99,67.99,high,low,11,namesilo,,,07/10/2026 23:45
2e01b1a1-bf83-4635-ac44-e3959d15fc67,environment.pub,available,32.29,32.29,high,low,11,spaceship,,,07/10/2026 23:45
dd39d95f-b51e-4e53-a5c4-4cb67eb80c2b,environment.cab,available,13.06,30.18,high,low,11,dynadot,,,07/10/2026 23:45
c8ac9475-57e0-4f14-b7e4-424bdc205435,environment.futbol,available,5.38,13.66,high,low,11,spaceship,,,07/10/2026 23:45
90e10d55-bcc4-47aa-a4e7-aaaba9b57dfb,environment.meme,premium,51.95,51.95,high,low,11,spaceship,,,07/10/2026 23:45
c59910e3-cf00-403f-8caa-64cf78e2c3fb,environment.lat,available,1.8,40.98,high,low,11,namecheap,,,07/10/2026 23:45
ac3a8515-9779-475c-88e6-a46bf0d8cdb3,environment.yachts,available,1.24,13.97,high,low,11,spaceship,,,07/10/2026 23:45
2ef489df-4015-4075-a4a4-e75931a0b85a,environment.bingo,available,41.2,41.2,high,low,11,cloudflare,,,07/10/2026 23:45
b7979c3f-5803-4c84-a159-34ff8cfec037,environment.ing,premium,155.45,155.45,high,low,11,spaceship,,,07/10/2026 23:45
a08bf20e-8489-46be-893e-38b7e2881e5d,environment.autos,available,1.24,13.97,high,low,11,spaceship,,,07/10/2026 23:45
4318e0a8-5c72-45cf-b523-1e4771715ee4,environment.credit,available,11.49,104.99,high,low,11,namesilo,,,07/10/2026 23:45
db1e3737-cd2c-4f36-9550-4b4c253d7cb4,environment.attorney,premium,3105.2,3105.2,high,low,11,spaceship,,,07/10/2026 23:45
0b259ece-19ec-4d8f-815e-b2117fa03e36,environment.hiv,available,195.99,195.99,high,low,11,namesilo,,,07/10/2026 23:45
bb68b514-67db-4c24-9a55-d24dc6022aa6,environment.consulting,premium,200.5,207.2,high,low,11,unstoppable,,,07/10/2026 23:45
e2c59315-08f6-47b8-9acb-a89f576739d0,environment.works,resell,7.99,,high,low,11,"Spaceship, Inc.",17/07/2026 12:22,17/07/2027 12:22,07/10/2026 23:45
318a3a36-b4a6-46e7-ad71-1fbb372ace9f,environment.makeup,available,1.24,13.97,high,low,11,spaceship,,,07/10/2026 23:45
8fe9720e-6623-465c-9a6e-1f17ee47466e,environment.dental,available,62.3,62.3,high,low,11,spaceship,,,07/10/2026 23:45
46b7e1d5-e2ae-4f6b-a8b8-f22200680d50,environment.careers,available,34.99,71.99,high,low,11,namesilo,,,07/10/2026 23:45
2a2e15b3-5481-42eb-938d-4773a6920a58,environment.lifestyle,available,1.24,31.25,high,low,11,spaceship,,,07/10/2026 23:45
56339abb-c167-4ba8-935d-b3343549c56c,environment.link,premium,750.2,776.45,high,low,11,unstoppable,,,07/10/2026 23:45
91ee064d-1185-4337-8c93-1c2526fb1a2f,environment.porn,available,51.95,98.53,high,low,11,spaceship,,,07/10/2026 23:45
5f55a07d-1ed7-4169-8ebf-1e8ee9ef6792,environment.parts,available,32.2,32.2,high,low,11,cloudflare,,,07/10/2026 23:45
1aa324ac-1c37-485c-a975-ab616ccb67db,environment.company,available,20.99,20.99,high,low,11,namesilo,,,07/10/2026 23:45
88560ae3-5c0d-4540-a4b0-e78ac62c5021,environment.fitness,available,8.99,41.99,high,low,11,namesilo,,,07/10/2026 23:45
a48ac225-4b57-45fa-ad20-69bf54a2b374,environment.racing,premium,103.7,103.7,high,low,11,spaceship,,,07/10/2026 23:45
fc0a65c2-fcd9-4837-a23c-80c57fb86e56,environment.graphics,available,18.83,18.83,high,low,11,spaceship,,,07/10/2026 23:45
d1de9ae0-e776-48da-85a5-390701522b44,environment.voting,available,1398,1448,high,low,11,namecheap,,,07/10/2026 23:45
9a713ec9-59af-4201-87d5-670b531d3b01,environment.hockey,available,47.81,47.81,high,low,11,spaceship,,,07/10/2026 23:45
4c16da04-36a8-44c0-b992-ef5471f96aa5,environment.reviews,premium,242,242,high,low,11,namesilo,,,07/10/2026 23:45
99d8868d-4663-4712-9de1-2427b0787f27,environment.vana,available,2140.22,2140.22,high,low,11,dynadot,,,07/10/2026 23:45
c3751e4f-42d0-47fb-ad64-a3020ff000cc,environment.zone,available,7.96,31.25,high,low,11,spaceship,,,07/10/2026 23:45
482647a4-6e70-4bde-9dbe-c4cdb64952e8,environment.monster,available,12.3,10.2,high,low,11,cloudflare,,,07/10/2026 23:45
ad89fc54-ac16-4908-88df-470945b96b8b,environment.reise,available,77.83,77.83,high,low,11,spaceship,,,07/10/2026 23:45
e44fc271-b86e-4e40-8397-2fb981ac94a0,environment.film,premium,242,242,high,low,11,namesilo,,,07/10/2026 23:45
a8555bf8-db33-45f6-83a0-8273aae5d340,environment.church,available,14.99,58.99,high,low,11,namesilo,,,07/10/2026 23:45
10053415-d21e-4de5-b785-c9e20dddbecf,environment.reisen,available,3.99,20.99,high,low,11,namesilo,,,07/10/2026 23:45
fd73ec02-cd12-4650-a9b1-7a631b6e4f34,environment.city,available,7,22.97,high,low,11,unstoppable,,,07/10/2026 23:45
a6b714b0-2c5e-407e-9ab7-cd347ffdecf7,environment.army,available,17.5,31.41,high,low,11,unstoppable,,,07/10/2026 23:45
9cf87db6-d714-4994-b2e9-28f03beea517,environment.financial,available,15.73,46.78,high,low,11,spaceship,,,07/10/2026 23:45
a0c6c855-259e-4472-a9a1-eb430bc53c16,environment.estate,available,6.41,31.25,high,low,11,spaceship,,,07/10/2026 23:45
51d59b4d-69ce-4382-a258-90006af09f62,environment.cat,available,18.83,25.04,high,low,11,spaceship,,,07/10/2026 23:45
203e0ccc-014f-4436-953c-4f82db36c66a,environment.contractors,available,40.98,44.48,high,low,11,namecheap,,,07/10/2026 23:45
2b49a237-c8b0-4169-ab7d-ae5fc922b1da,environment.haus,available,10.55,27.11,high,low,11,spaceship,,,07/10/2026 23:45
d8833d78-989e-41d5-8fd4-33c05f9d5a5c,environment.education,premium,78.54,78.54,high,low,11,namesilo,,,07/10/2026 23:45
d64819be-f008-4487-bf09-7002f45cf4ce,environment.desi,available,19.98,22.98,high,low,11,namecheap,,,03/10/2026 01:47
cfc75890-3dd3-4090-b9bc-7c8528f3b069,environment.gratis,available,23.99,23.99,high,low,11,namesilo,,,07/10/2026 23:45
40ccaa6f-a915-4b2c-afcf-a6e3f5b26001,environment.trade,premium,448,53.92,high,low,11,namesilo,,,07/10/2026 23:45
0138e3c4-47a5-4749-88f9-84fcd54029d8,environment.vip,resell,,,high,low,11,"Chengdu West Dimension Digital Technology Co., Ltd.",28/05/2025 00:00,28/05/2027 00:00,07/10/2026 23:45
9f7dc31c-62ef-453b-bd84-4d201151f565,environment.hospital,available,68.98,88.48,high,low,11,namecheap,,,07/10/2026 23:45
1dde2d9d-d48b-48b1-97db-a67fa46728b1,environment.construction,available,30.2,30.2,high,low,11,cloudflare,,,07/10/2026 23:45
8f06f79d-3717-4258-a3d4-8de97088e06a,environment.bz,available,21.98,26.98,high,low,11,namecheap,,,07/10/2026 23:45
81f880af-0e97-4fe9-8df7-f624ab46ba0f,environment.science,premium,1035.2,103.7,high,low,11,spaceship,,,07/10/2026 23:45
ca4e12c7-76a3-4fac-b03e-61a4808cbc5b,environment.gallery,available,22.97,22.97,high,low,11,spaceship,,,07/10/2026 23:45
41e9690a-696b-49a3-8795-f014f0d6f878,environment.fan,available,42.2,42.2,high,low,11,cloudflare,,,07/10/2026 23:45
e8a99906-358b-4b87-bf67-dbcd2dedad2e,environment.voto,available,26.5,55.93,high,low,11,unstoppable,,,07/10/2026 23:45
0aefbf66-ca76-46b2-bcc7-d9bf2fcaa6dc,environment.democrat,available,5.57,5.57,high,low,11,dynadot,,,07/10/2026 23:45
f3a41b92-4cc9-4894-8f0b-cec1505c2d77,environment.beer,available,1.98,43.98,high,low,11,namecheap,,,07/10/2026 23:45
95b35920-6e57-4c88-89f0-e1a71c242f49,environment.cars,available,1999.99,2199,high,low,11,namesilo,,,07/10/2026 23:45
b00493d0-0489-400e-806f-4cf24b1cc14a,environment.villas,available,47.81,47.81,high,low,11,spaceship,,,07/10/2026 23:45
ab221325-723d-4b50-886d-6db449925747,environment.webcam,premium,517.7,67.48,high,low,11,spaceship,,,07/10/2026 23:45
7bab281c-8b7a-4b6b-bad6-ec76f94b47d6,environment.flights,available,58.99,58.99,high,low,11,namesilo,,,07/10/2026 23:45
0254b2a1-1536-4913-a426-467d8a60a856,environment.fish,premium,102.67,102.67,high,low,11,spaceship,,,07/10/2026 23:45
e70e35c2-7233-4789-b226-2216e5b27bf8,environment.pictures,available,17.98,22.48,high,low,11,namecheap,,,07/10/2026 23:45
d29801cb-1dde-487e-bec5-b7e388c01ac0,environment.motorcycles,available,1.8,21.98,high,low,11,namecheap,,,07/10/2026 23:45
e280e2c6-0d2e-4ee2-8a33-458edfe7bd67,environment.to,resell,,,high,low,11,Tonic,01/06/2023 02:27,01/08/2027 00:00,07/10/2026 23:45
9b6dd97f-71cf-441d-83cc-7bd1b122e9e9,environment.vodka,available,26.08,26.08,high,low,11,spaceship,,,07/10/2026 23:45
56771693-ffb9-4ac8-8067-ee68f01ae58f,ecosystem.website,resell,,,high,low,9,Porkbun LLC,26/11/2025 10:41,26/11/2026 23:59,06/10/2026 08:32
051fd047-63c6-4f9c-8923-f456b717c94e,environment.security,available,1863.2,2000.18,high,low,11,spaceship,,,07/10/2026 23:45
c7eacb5c-8718-49ff-8ae9-8e93911fb5e1,environment.land,available,15.99,41.99,high,low,11,namesilo,,,07/10/2026 23:45
b18219cc-7a69-4776-ad76-7a0b7e1d1e0f,ecosystem.pet,available,13.5,27.59,high,low,9,unstoppable,,,06/10/2026 08:32
7db76e80-1265-490c-b0c7-29c71fd8528d,environment.kids,premium,310.7,18.83,high,low,11,spaceship,,,07/10/2026 23:45
35ef3dd2-881a-4f00-b8cd-413f4ecb06ea,environment.agency,premium,,,high,low,11,,,,07/10/2026 23:45
23f3a12f-fe13-4f77-9b2c-0abb4f4fa450,environment.fashion,premium,242,29.5,high,low,11,namesilo,,,07/10/2026 23:45
e8469a7b-0de0-467f-bcac-a4e4637b46b2,ecosystem.bz,available,21.98,26.98,high,low,9,namecheap,,,06/10/2026 08:32
4ef56baa-8c13-4b48-bea1-5a5321be5b07,environment.travel,available,115.2,115.2,high,low,11,cloudflare,,,07/10/2026 23:45
5efb5ae5-3002-49c7-9349-85aab2081097,environment.sbs,premium,59.71,119.23,high,low,11,spaceship,,,07/10/2026 23:45
596e8344-0ceb-48f5-a431-dade4f06af45,climate.organic,available,17.99,85.99,high,medium,7,namesilo,,,29/09/2026 10:05
d97740b2-1f23-412f-b044-2166170af8bc,environment.gifts,available,36.99,36.99,high,low,11,namesilo,,,07/10/2026 23:45
32f4de19-83b3-4591-a4e7-e26b2387b117,ecosystem.casa,available,1.54,10.55,high,low,9,spaceship,,,06/10/2026 08:32
7f2a84f8-186c-48fe-bc4c-c393889fd886,environment.london,available,31.99,31.99,high,low,11,namesilo,,,07/10/2026 23:45
9bd9632b-bf0b-4c64-983b-337cd2d87d13,environment.one,premium,517.7,517.7,high,low,11,spaceship,,,07/10/2026 23:45
9e14ce13-6ce6-4ce2-b971-663c6323980c,environment.associates,available,18.99,38.99,high,low,11,namesilo,,,07/10/2026 23:45
2216ba8f-3c94-40fb-952d-22f9a6050c8f,nature.green,premium,1107,1107,high,low,6,namesilo,,,09/10/2026 02:19
3203a877-d165-44b7-a455-35252bec7e7a,environment.jewelry,available,76.48,78.48,high,low,11,namecheap,,,07/10/2026 23:45
3e4b3152-ce7f-49be-a45f-d1bdc2a04447,ecosystem.hiv,available,195.99,195.99,high,low,9,namesilo,,,06/10/2026 08:32
e15eab36-3cae-495c-b3c2-63244f3995e7,ecosystem.protection,available,2140.22,2140.22,high,low,9,dynadot,,,06/10/2026 08:32
673960a5-07ac-494e-b777-1e1e4d13443c,environment.phd,premium,159.2,164.77,high,low,11,unstoppable,,,07/10/2026 23:45
36d73e1c-928d-49c7-ae4c-69f477cb7bd3,ecosystem.immobilien,available,37.99,37.99,high,low,9,namesilo,,,06/10/2026 08:32
d2bc2660-4104-44b4-8724-cac63e52edb0,environment.study,premium,5175.2,5175.2,high,low,11,spaceship,,,07/10/2026 23:45
de656120-79db-47f2-9212-2fe7bc84edf7,environment.market,premium,242,242,high,low,11,namesilo,,,07/10/2026 23:45
a9d0032b-98fc-42a9-94b4-4cc1f3c42944,ecosystem.porn,available,95.2,95.2,high,low,9,cloudflare,,,06/10/2026 08:32
4b67461d-9d88-4b91-a2bf-e7283d5b9576,environment.plumbing,available,58.16,58.16,high,low,11,spaceship,,,07/10/2026 23:45
bf147252-d046-4d45-a779-f8666eabdff6,environment.cash,available,12,30.2,high,low,11,unstoppable,,,07/10/2026 23:45
1f626f67-06a8-4844-9637-d019ce25f14e,ecosystem.blackfriday,available,114.99,114.99,high,low,9,namesilo,,,06/10/2026 08:32
00a917da-77bd-471e-af05-b4917e734ec9,environment.pet,available,14.49,27.59,high,low,11,namesilo,,,07/10/2026 23:45
ce7d9114-597d-4e43-823c-43cc747b9847,ecosystem.homes,resell,,,high,low,9,Dynadot Inc,01/07/2026 14:32,01/07/2027 23:59,06/10/2026 08:32
38b3f12c-a374-40c6-813c-f63bd17c9dca,ecosystem.gratis,available,18.83,18.83,high,low,9,spaceship,,,06/10/2026 08:32
8ef6d148-d733-4c0c-9722-f952643e925b,environment.navy,available,109.98,114.98,high,low,11,namecheap,,,07/10/2026 23:45
4b23345c-ca60-445e-9104-62d8f0b3954a,environment.camera,available,45.2,45.2,high,low,11,cloudflare,,,07/10/2026 23:45
d80ae952-df8e-4714-a40b-721c7c643082,ecosystem.mortgage,available,62.99,62.99,high,low,9,namesilo,,,06/10/2026 08:32
f8ea6cc1-6831-43f8-8122-75b105967f25,ecosystem.movie,available,47.99,349.99,high,low,9,namesilo,,,06/10/2026 08:32
6807a47a-0e17-4ebe-ad82-4c75680075c0,ecosystem.theatre,available,465.95,500.18,high,low,9,spaceship,,,06/10/2026 08:32
37c0f159-47a4-44e1-9543-15888fefe487,ecosystem.lifestyle,premium,640,640,high,low,9,namesilo,,,06/10/2026 08:32
fa1b96cf-b71b-4402-870c-452cafd30321,environment.archi,available,19.99,103.99,high,low,11,namesilo,,,07/10/2026 23:45
fc999ac1-0ddb-41ca-a71a-5cf7c82c0f63,environment.properties,available,14.17,31.25,high,low,11,spaceship,,,07/10/2026 23:45
d6c03217-7b89-4b23-b9e3-556d0e5c337b,environment.bike,available,5.98,55.48,high,low,11,namecheap,,,07/10/2026 23:45
13ef2dee-861f-40e5-aed2-29ebb112d50d,environment.rich,available,94.99,1999,high,low,11,namesilo,,,07/10/2026 23:45
7b542284-af11-4627-932c-53018289d4b7,environment.diet,available,104.99,114.99,high,low,11,namesilo,,,07/10/2026 23:45
e4728a98-27ab-453a-88d5-0e19b7b6120d,ecosystem.plumbing,available,72.99,72.99,high,low,9,namesilo,,,06/10/2026 08:32
b29987a5-767b-4796-b42d-215e390b45f7,environment.shopping,available,23.2,23.2,high,low,11,cloudflare,,,07/10/2026 23:45
be49416b-6492-464d-8cbb-81d06b2814ca,environment.run,resell,6.99,,high,low,11,"Spaceship, Inc.",17/07/2026 13:11,17/07/2027 13:11,07/10/2026 23:45
43f131fb-93f7-45fa-b18d-a7010d018325,green.city,resell,,,high,medium,5,Dynadot Inc,23/04/2021 19:42,23/04/2027 19:42,09/10/2026 01:37
8bda59f1-d31e-4516-afc6-58e21fff333f,ecosystem.wedding,available,26.08,26.08,high,low,9,spaceship,,,06/10/2026 08:32
5de539af-e770-45d3-a3f6-659e603275d2,ecosystem.insure,available,56.2,56.2,high,low,9,cloudflare,,,06/10/2026 08:32
ccd50c93-ec86-4500-8441-33aa45563b99,green.dentist,premium,207.2,207.2,high,medium,5,spaceship,,,09/10/2026 01:37
ace9a856-9627-42f6-ab28-ffac33dedda8,environment.partners,available,7.71,65.49,high,low,11,dynadot,,,07/10/2026 23:45
f6796a85-f1f8-487b-9018-945aec72c024,ecosystem.help,premium,83.3,116,high,low,9,namesilo,,,06/10/2026 08:32
1a9f9dc3-475d-4811-8001-066fc5a3666f,environment.mba,available,30.2,30.2,high,low,11,cloudflare,,,07/10/2026 23:45
b9349a3b-c7b4-4138-963d-4678e8f62141,environment.adult,available,51.95,98.53,high,low,11,spaceship,,,07/10/2026 23:45
81b361d0-7766-47ba-a7d8-98539f9fcc4f,environment.business,premium,118.8,118.8,high,low,11,namesilo,,,07/10/2026 23:45
145211ec-e51e-4f28-9ce4-7f2ca640bc9c,ecosystem.sale,available,7.49,38.99,high,low,9,namesilo,,,06/10/2026 08:32
e228af1a-6fe8-4c3b-bbd9-7ca7a00849a6,environment.photo,premium,116,116,high,low,11,namesilo,,,07/10/2026 23:45
cfd9d9d7-7870-4a79-b5db-366ef442ed4c,green.shopping,resell,,,high,medium,5,united-domains GmbH,28/06/2019 10:50,28/06/2027 10:50,09/10/2026 01:37
5feff415-f880-4938-8d8b-cfced2ba957b,environment.ltda,premium,56.64,33.04,high,low,11,namesilo,,,07/10/2026 23:45
32f2bb83-3638-4843-bcfc-42ed65f26ec2,green.viajes,available,94.98,124.48,high,medium,5,namecheap,,,09/10/2026 01:37
4abf2c24-ad93-43d3-8249-2b82a80cc4f7,green.photo,premium,110,110,high,medium,5,dynadot,,,09/10/2026 01:37
ce3dd8e5-4347-43a3-87ef-74e668ca9358,environment.restaurant,available,20,64.99,high,low,11,unstoppable,,,07/10/2026 23:45
6487b59c-325b-41a7-912b-ae6511274088,environment.casa,available,2.19,12.99,high,low,11,namesilo,,,07/10/2026 23:45
9c16c692-76d6-49b2-be2a-d0aff017b5ce,environment.info,resell,,,high,low,11,"Sea Wasp, LLC",05/10/2010 10:09,05/10/2027 10:09,07/10/2026 23:45
2a04732e-1d51-4adf-849f-8c418e958a07,ecosystem.institute,available,21.2,21.2,high,low,9,cloudflare,,,06/10/2026 08:32
3c7da736-defe-4c6d-8254-6ba858f441fc,green.forsale,premium,1035.2,1035.2,high,medium,5,spaceship,,,09/10/2026 01:37
0b6fb192-0ed1-4c45-a70d-58717e7e077e,environment.tel,available,9.76,9.76,high,low,11,dynadot,,,07/10/2026 23:45
a17a63d1-1698-49b6-ae49-4c6dcc0d9994,environment.casino,available,14.99,179.99,high,low,11,namesilo,,,07/10/2026 23:45
d176f97a-67c2-4042-b6bf-19ef42fc46cd,green.team,resell,,,high,medium,5,"GoDaddy.com, LLC",29/07/2015 13:22,29/07/2027 13:22,09/10/2026 01:37
d6cf6cdf-55bc-43e0-8683-4d290f53e28e,ecosystem.events,available,15.99,45.99,high,low,9,namesilo,,,06/10/2026 08:32
ff11f47b-dff0-4a73-ad70-5e31482aeadd,green.soy,premium,499.2,698.1,high,medium,5,unstoppable,,,09/10/2026 01:37
0bf87f6a-d28e-48dd-beed-d00ec70ba42e,ecosystem.country,available,2140.22,2140.22,high,low,9,dynadot,,,06/10/2026 08:32
8a16bd84-1599-4912-85d7-1d3f80d8401b,ecosystem.network,resell,,,high,low,9,Dynadot Inc,10/02/2026 17:00,10/02/2027 17:00,06/10/2026 08:32
ef79482d-762c-47ca-ae5b-8c0b3ba996fe,green.properties,premium,854,854,high,medium,5,namesilo,,,09/10/2026 01:37
3c8677f9-aa92-4e95-9cf9-de271ccb665c,ecosystem.bingo,available,53.99,53.99,high,low,9,namesilo,,,06/10/2026 08:32
dcbf0730-cae2-44b7-bb75-7300d6a8efcd,environment.realty,available,88.18,289.16,high,low,11,spaceship,,,07/10/2026 23:45
c3aa3b2b-62b8-482d-961d-0cf26da480b0,green.zip,premium,1298.7,1298.7,high,medium,5,namecheap,,,09/10/2026 01:37
d03d06ec-0ef4-4d08-91e1-29a2fa9ac0c6,environment.vacations,available,5.57,35.53,high,low,11,dynadot,,,07/10/2026 23:45
fbaf4000-e979-47dc-a691-d806cfbf2e00,environment.horse,available,26.08,26.08,high,low,11,spaceship,,,07/10/2026 23:45
a13f8ea5-b6a3-4cf2-84b9-a1a7d957e7b6,environment.direct,available,17.99,41.99,high,low,11,namesilo,,,07/10/2026 23:45
176e171a-19e6-4aa8-9aff-5c315a134cbb,environment.lawyer,premium,3105.2,3105.2,high,low,11,spaceship,,,07/10/2026 23:45
edcf86ed-c41b-46b1-ada4-d5f4e5c12f09,ecosystem.motorcycles,available,1.24,13.97,high,low,9,spaceship,,,06/10/2026 08:32
63bcf2be-e894-4127-9181-46a160fbac30,green.auto,available,1863.2,2064.2,high,medium,5,spaceship,,,09/10/2026 01:37
42bd6457-8158-47a6-9026-91249ea17703,ecosystem.melbourne,available,58,58,high,low,9,namesilo,,,06/10/2026 08:32
92ec65d4-2ab7-4fc4-b86d-3b8bb81e6745,environment.mx,available,39.99,43.99,high,low,11,namesilo,,,07/10/2026 23:45
c12d1bae-7f67-4729-822c-19f78a4e8233,environment.football,available,20.2,20.2,high,low,11,cloudflare,,,07/10/2026 23:45
b67aac81-f37e-450b-be3e-277be6919e31,green.gay,premium,2660,2660,high,medium,5,namesilo,,,09/10/2026 01:37
db63003e-83a8-4777-98be-63372cb2ac2b,ecosystem.biz,resell,,,high,low,9,Sav.com LLC,16/03/2022 17:40,16/03/2027 17:40,06/10/2026 08:32
b5122f55-72c8-4ddb-90bd-91ff27b691c7,ecosystem.holiday,available,50.2,50.2,high,low,9,cloudflare,,,06/10/2026 08:32
b7c8f562-746d-4e43-8c1a-3e18c9064c97,green.lease,premium,102.67,102.67,high,medium,5,spaceship,,,09/10/2026 01:37
539ad3e0-ce90-4734-be53-73b75ab8ff1b,ecosystem.skin,available,1.8,21.98,high,low,9,namecheap,,,06/10/2026 08:32
8af13089-1632-4869-b2a3-2f91d379307c,environment.photos,available,8.24,28.04,high,low,11,dynadot,,,07/10/2026 23:45
c9246166-e5ba-4dfd-b861-714208868949,sustainable.green,premium,1107,1107,high,medium,11,namesilo,,,01/10/2026 22:43
546d1586-8044-494f-8688-4984dbbc8e63,green.sbs,premium,384,768,high,medium,5,namesilo,,,09/10/2026 01:37
c218bfd2-3c7e-4669-92cf-dd5ee55f2fe1,ecosystem.garden,available,2.19,32.49,high,low,9,namesilo,,,06/10/2026 08:32
88144393-6d9f-4795-9d44-09efa489d33e,green.expert,premium,1040,1040,high,medium,5,namecheap,,,09/10/2026 01:37
adadc7cb-ce7c-41a5-b2e3-1eb8f4e3c6f2,green.equipment,premium,414.2,414.2,high,medium,5,spaceship,,,09/10/2026 01:37
b95e30bd-5817-45fc-b20e-594d24838351,ecosystem.hospital,available,57.99,57.99,high,low,9,namesilo,,,06/10/2026 08:32
51fed6b5-7791-408c-bd03-3784caf412ed,ecosystem.name,available,8.98,9.98,high,low,9,namecheap,,,06/10/2026 08:32
3af8bc1e-53b5-4bc1-a377-17873a6158a8,green.website,premium,650,1300,high,medium,5,namecheap,,,09/10/2026 01:37
8f8bee2d-af56-4c0b-953e-dd8a630a3d2a,ecosystem.industries,available,36.43,36.43,high,low,9,spaceship,,,06/10/2026 08:32
a3c0a247-379e-4212-8e91-559ff25c1744,ecosystem.org,resell,,,high,low,9,"GoDaddy.com, LLC",07/08/1996 04:00,06/08/2027 04:00,06/10/2026 08:32
54a1af9b-0e59-429f-bdae-eea7677075c4,ecosystem.lease,available,56.99,56.99,high,low,9,namesilo,,,06/10/2026 08:32
f3faa8e9-b9f8-4c21-84ea-c83074726eea,ecosystem.cheap,available,28.2,28.2,high,low,9,cloudflare,,,06/10/2026 08:32
bf0a2c41-5a92-4664-859b-aabc52af1097,environment.game,available,279.65,341.75,high,low,11,spaceship,,,07/10/2026 23:45
e9e08653-620c-48f9-aeee-c2042347287d,environment.rent,available,45.2,45.2,high,low,11,cloudflare,,,07/10/2026 23:45
582c64d1-5fbe-43f7-be0d-3d36f023f771,green.download,premium,650,84.5,high,medium,5,namecheap,,,09/10/2026 01:37
63f1f00d-7228-4865-b79d-b2774bdee532,environment.club,premium,960,17.7,high,low,11,namesilo,,,07/10/2026 23:45
1f999081-5d28-468c-8a34-4a97916fb3fa,green.reisen,premium,242,242,high,medium,5,namesilo,,,09/10/2026 01:37
a915894e-12e8-468f-ac7a-f8d82ca3d2f2,environment.taxi,available,8.98,78.98,high,low,11,namecheap,,,07/10/2026 23:45
ed7c8734-82c8-490f-b4cf-b14c4fbc3485,ecosystem.barcelona,available,25.04,25.04,high,low,9,spaceship,,,06/10/2026 08:32
320597ef-fa98-497d-a454-bc61cd27208c,environment.software,available,10.55,33.32,high,low,11,spaceship,,,07/10/2026 23:45
107328c3-1a0b-431e-a3a1-c5a775036381,ecosystem.photo,available,26.08,26.08,high,low,9,spaceship,,,06/10/2026 08:32
1a2f1da9-c6f9-49fb-a3f8-6ff741e7a5ed,green.gold,resell,,,high,medium,5,"DNSPod, Inc.",22/09/2018 08:21,22/09/2035 08:21,09/10/2026 01:37
72f872b3-7c14-4cde-8088-df84188f5eb7,green.security,available,1999.99,2049.99,high,medium,5,namesilo,,,09/10/2026 01:37
819c31ab-0b46-46a6-a04a-b1b22810f2ed,ecosystem.mba,available,17,30.2,high,low,9,unstoppable,,,06/10/2026 08:32
28af148b-d67b-4fe6-a223-b2400a022ada,environment.productions,available,10.99,40.49,high,low,11,namesilo,,,07/10/2026 23:45
bf42fbf3-0a94-4bb0-9292-f3b89d54b5d8,green.channel,premium,516.67,516.67,high,medium,5,spaceship,,,09/10/2026 01:37
cc1dfb1b-4d76-4616-b6c1-dd9fdeb68cf9,green.diy,premium,2660,2660,high,medium,5,namesilo,,,09/10/2026 01:37
7e8ed856-1126-454b-8f86-beb64625e8fd,ecosystem.how,available,30.98,41.98,high,low,9,namecheap,,,06/10/2026 08:32
c69d19d1-ba26-425b-ae5f-c87a025ba3d7,environment.news,premium,1000.5,1035.2,high,low,11,unstoppable,,,07/10/2026 23:45
6a92ea87-17f2-494a-9523-7e707e19f2a3,green.systems,resell,,,high,medium,5,Dynadot Inc,04/06/2018 08:06,04/06/2027 08:06,09/10/2026 01:37
6807fdfa-1a23-47fe-aae5-ad9559de24b9,green.deal,premium,500.5,550,high,medium,5,unstoppable,,,09/10/2026 01:37
fd62a752-a79a-4700-bdf7-f7ff941aad8b,green.mba,available,10.92,35.53,high,medium,5,dynadot,,,09/10/2026 01:37
cf2b518b-a717-4270-8301-3152f69a0962,green.onl,premium,160,302.5,high,medium,5,namesilo,,,09/10/2026 01:37
862a3bf3-065f-4b56-8ab0-6e80f7b38425,environment.enterprises,available,11,29.01,high,low,11,unstoppable,,,07/10/2026 23:45
32168f3c-62de-4cf2-b2e4-caafc9fbc58a,green.melbourne,available,58,58,high,medium,5,namesilo,,,09/10/2026 01:37
c6b00527-8dcc-4d6b-aae9-3af2b85cd385,green.markets,resell,,,high,medium,5,"Spaceship, Inc.",26/07/2023 15:15,26/07/2027 15:15,09/10/2026 01:37
e3aff8b6-959b-4419-a642-d74e6becce41,green.wiki,premium,465.95,465.95,high,medium,5,spaceship,,,09/10/2026 01:37
8b76f101-0b92-437e-ad6c-ba5e35d84632,ecosystem.center,available,5.5,25.2,high,low,9,unstoppable,,,06/10/2026 08:32
dd035153-89c8-48ba-b0a8-d40085c9eacd,environment.lgbt,available,14.99,79.99,high,low,11,namesilo,,,07/10/2026 23:45
34f56397-696a-4a43-973e-40cc773c533d,environment.kaufen,available,23.94,23.94,high,low,11,spaceship,,,07/10/2026 23:45
5f14c727-c44c-47f1-8446-361eb2299e20,ecosystem.tips,available,15.99,30.99,high,low,9,namesilo,,,06/10/2026 08:32
039af2d1-f31d-41eb-879f-944ac3e2cb2b,ecosystem.cx,available,18.99,18.99,high,low,9,namesilo,,,06/10/2026 08:32
3aac6a8a-839f-47da-b650-533ba2af8913,ecosystem.flowers,available,100,100,high,low,9,cloudflare,,,06/10/2026 08:32
08bdba59-48e6-4ff8-8088-b03f9ceabe6e,environment.claims,available,17,51.95,high,low,11,unstoppable,,,07/10/2026 23:45
b744938a-f85c-45cf-85d5-3e71592393a6,green.skin,premium,2600,2600,high,medium,5,namecheap,,,09/10/2026 01:37
fbe2c97e-b609-4040-8ead-76dbcb403229,environment.free,premium,116,116,high,low,11,namesilo,,,07/10/2026 23:45
ee21452f-b96b-4e6e-93df-b38a63c1860b,green.recipes,available,4.86,62.3,high,medium,5,spaceship,,,09/10/2026 01:37
65df6dcb-c29a-4dd2-bb73-9ce2ef6774f0,ecosystem.engineering,available,16.99,64.99,high,low,9,namesilo,,,06/10/2026 08:32
ada12b7b-4f59-4e21-839f-35ac3e9f4bc0,environment.vin,available,6.98,83.98,high,low,11,namecheap,,,07/10/2026 23:45
b50bfe10-5690-461e-a50c-e986687d7046,environment.recipes,available,4.86,62.3,high,low,11,spaceship,,,07/10/2026 23:45
0668e52f-a0b5-4ee7-a5e0-68d3144d1782,ecosystem.at,resell,,,high,low,9,Domainers Registrar AG ( https://nic.at/registrar/668 ),,,06/10/2026 08:32
5a641c19-c9bc-42af-903c-9118a19cc3bf,ecosystem.gift,available,14.99,14.99,high,low,9,namesilo,,,06/10/2026 08:32
88e4b556-0805-4f63-b4b5-3317bdc011f4,green.srl,premium,54.28,30.68,high,medium,5,namesilo,,,09/10/2026 01:37
3f68b24c-d65a-4581-be15-ef8837cc9941,ecosystem.contact,available,11.2,11.2,high,low,9,cloudflare,,,06/10/2026 08:32
010d7c47-7ae0-4615-ac43-c235780ed262,green.archi,premium,517.7,517.7,high,medium,5,spaceship,,,09/10/2026 01:37
042e9712-03dd-40e7-887a-aa1c4e188505,environment.stream,premium,448,53.92,high,low,11,namesilo,,,07/10/2026 23:45
34c7baee-01dd-4241-8965-52d8f0937a87,green.coupons,premium,68.51,68.51,high,medium,5,spaceship,,,09/10/2026 01:37
c2382bfc-d7cf-444d-9301-3d5e6c7058cd,green.living,premium,2660,2660,high,medium,5,namesilo,,,09/10/2026 01:37
ad8ac5db-8507-45b4-899c-bc1497c9177b,habitat.lifestyle,premium,362.45,517.7,high,medium,7,spaceship,,,06/10/2026 15:25
a4fdbf1b-c9b2-42a0-b3b2-290e8d79cb98,ecosystem.you,resell,,,high,low,9,Porkbun LLC,24/04/2026 05:32,24/04/2027 05:32,06/10/2026 08:32
52fefe59-cea9-4d0a-b911-de37763b7bd9,ecosystem.football,available,20.9,20.9,high,low,9,spaceship,,,06/10/2026 08:32
73ff54a3-a334-4395-ae45-d2ec531ed729,ecosystem.hosting,available,310.98,437.98,high,low,9,namecheap,,,06/10/2026 08:32
5ab71e39-8706-4d16-af53-1ebdaa17b43b,ecosystem.gallery,available,22.2,22.2,high,low,9,cloudflare,,,06/10/2026 08:32
eb4833f5-2fd9-4d30-a63e-3bc1b1ae0398,ecosystem.vet,available,41.99,41.99,high,low,9,namesilo,,,06/10/2026 08:32
31ce2db6-89db-4eb7-989b-0cc6037e2f26,green.audio,available,108.98,159.98,high,medium,5,namecheap,,,09/10/2026 01:37
7de3af6d-e02d-48c7-a9d5-2175b7f54baa,green.wine,resell,,,high,medium,5,"GoDaddy.com, LLC",27/01/2016 16:00,27/01/2027 16:00,09/10/2026 01:37
6cc421c5-4999-42ae-8408-874049eadeff,ecosystem.travel,available,23.98,186.98,high,low,9,namecheap,,,06/10/2026 08:32
3ab42339-acb5-4335-9823-57588f9f23ed,environment.tax,available,52.2,52.2,high,low,11,cloudflare,,,07/10/2026 23:45
4e094c11-cec3-4c27-a9db-064303f2683a,environment.gg,available,68.98,82.98,high,low,11,namecheap,,,07/10/2026 23:45
67002211-6c73-4f38-b01b-f7fea3ca95e0,green.schule,available,22.97,22.97,high,medium,5,spaceship,,,09/10/2026 01:37
00c0da83-31dd-4b5b-9b29-e8990623cdd4,environment.hot,premium,116,116,high,low,11,namesilo,,,07/10/2026 23:45
195470e4-6384-46a2-9191-07b07414ecbe,natural.green,premium,1107,1107,high,low,7,namesilo,,,06/10/2026 22:44
c0fc630a-eab7-4538-bd6f-75d3109892cc,green.london,premium,2741.51,27.62,high,medium,5,spaceship,,,09/10/2026 01:37
5d2e2d23-064f-4000-a66a-579c7d8e0863,environment.gift,available,14.99,14.99,high,low,11,namesilo,,,07/10/2026 23:45
fb4f77c6-6ca0-4359-beda-fff34dbe2590,ecosystem.click,premium,72.65,103.7,high,low,9,spaceship,,,06/10/2026 08:32
e4fafac4-cfc7-4032-b56a-023063615e69,environment.viajes,available,80.47,80.47,high,low,11,dynadot,,,07/10/2026 23:45
a60db222-ba8e-4d3f-bdad-b203605be2fd,ecosystem.bet,available,13.5,20.9,high,low,9,unstoppable,,,06/10/2026 08:32
00546d23-dbbf-420e-a807-63fdf737acf0,environment.cam,available,14.2,14.2,high,low,11,cloudflare,,,07/10/2026 23:45
73dee2a7-d3e0-4d19-9de3-f2ff3311d625,ecosystem.coach,available,10.55,62.3,high,low,9,spaceship,,,06/10/2026 08:32
1de852db-9c19-43a1-b673-44124905f878,environment.music,available,38.5,38.5,high,low,11,spaceship,,,07/10/2026 23:45
5b1df722-2636-4d1c-aed2-69cb88f98265,energy.fitness,resell,,,high,medium,6,Dynadot Inc,02/02/2018 18:03,02/02/2027 18:03,08/10/2026 08:27
0bdf608f-062e-4261-a0fd-7ae217b64fb1,habitat.living,premium,455,650,high,medium,7,namecheap,,,06/10/2026 15:25
43211356-402e-4df8-8b00-7b5e438a03fc,environment.tennis,available,69.77,69.77,high,low,11,dynadot,,,07/10/2026 23:45
ea91cab5-b8dc-43c0-bad4-ea44dcf6cef7,ecosystem.democrat,available,5.38,26.08,high,low,9,spaceship,,,06/10/2026 08:32
b99370fa-b7b7-4e71-9a3a-a23fd04104b3,ecosystem.land,available,15.99,41.99,high,low,9,namesilo,,,06/10/2026 08:32
b59c644d-cc99-4146-ac57-7d7abc162414,ecosystem.kids,premium,51.95,18.83,high,low,9,spaceship,,,06/10/2026 08:32
c9d53bfd-6f61-41d7-aeb6-c6d31544be23,ecosystem.blog,premium,129.58,517.7,high,low,9,spaceship,,,06/10/2026 08:32
a1988b26-7ef1-4011-8a04-4c18c0480836,conservation.organic,available,10.81,68.49,high,low,12,porkbun,,,29/09/2026 23:26
f466dfca-ab80-4358-8d40-5579918a42bf,ecosystem.review,premium,2587.7,103.7,high,low,9,spaceship,,,06/10/2026 08:32
02de41a6-95f3-475c-a3bc-31db43824c91,environment.art,premium,1552.7,72.65,high,low,11,spaceship,,,07/10/2026 23:45
b56ccf4b-673e-49f1-9ed6-29c75a38c29e,green.locker,premium,1654.52,8.8,high,medium,5,namesilo,,,09/10/2026 01:37
c4566aec-2938-40f0-898a-7096d4708933,environment.bot,premium,100.5,103.7,high,low,11,unstoppable,,,07/10/2026 23:45
a2aa1241-6f73-483b-9743-7ca499444707,environment.actor,available,16,35.39,high,low,11,unstoppable,,,07/10/2026 23:45
dfb34bbe-6d91-4944-a00b-323073e28778,ecosystem.osaka,available,26.97,26.97,high,low,9,dynadot,,,06/10/2026 08:32
223f3ac5-4063-4fef-a026-92cf55b47b9d,ecosystem.directory,available,8.99,26.99,high,low,9,namesilo,,,06/10/2026 08:32
4b8372eb-dcc3-49da-854f-d6c90c4fcc30,green.express,resell,,,high,medium,5,"GoDaddy.com, LLC",30/09/2017 08:02,30/09/2027 08:02,09/10/2026 01:37
2869f749-b81c-4d24-80f6-9ab14b64eb3d,environment.gripe,available,5.2,5.2,high,low,11,cloudflare,,,07/10/2026 23:45
d0e31a08-45a3-48ce-a391-4ef1ca14bf82,environment.dentist,available,71.98,91.98,high,low,11,namecheap,,,07/10/2026 23:45
c057fbd2-4ff5-4c51-930c-2404a75f8de3,environment.pics,available,1.99,32.49,high,low,11,namesilo,,,07/10/2026 23:45
b1284c28-279e-4d79-adaf-21c21a9cf5f8,green.makeup,premium,2070.2,2070.2,high,medium,5,spaceship,,,09/10/2026 01:37
5bf3a759-229a-4cd4-b870-291c21a2bbe4,ecosystem.cruises,available,44.71,44.71,high,low,9,spaceship,,,06/10/2026 08:32
79f6512e-25ae-4901-912c-75c23fb0f62f,environment.boats,available,1.99,17.29,high,low,11,namesilo,,,07/10/2026 23:45
01149422-70f1-4b3c-9585-1e36bb87fac4,ecosystem.channel,premium,133.72,133.72,high,low,9,spaceship,,,06/10/2026 08:32
25188b6d-9bed-40b2-964d-f0e0f9bab162,ecosystem.charity,available,6.41,22.39,high,low,9,spaceship,,,06/10/2026 08:32
0fd21ee9-d9a1-4357-81e0-ef8a1989fa2a,environment.quest,available,1.8,21.98,high,low,11,namecheap,,,07/10/2026 23:45
a28cea7c-1e57-43b5-bc3a-ffdac57ea7cb,environment.creditcard,available,144.99,144.99,high,low,11,namesilo,,,07/10/2026 23:45
9f515b50-7560-4a2d-9f8a-c74a70c4f565,environment.accountants,available,93.35,93.35,high,low,11,spaceship,,,07/10/2026 23:45
6f710d69-6059-467c-af18-cbe8c00e229a,green.tennis,available,69.77,69.77,high,medium,5,dynadot,,,09/10/2026 01:37
e403d7db-48b0-47d1-9a1d-d713dc2f2c03,ecosystem.storage,available,509.99,529.99,high,low,9,namesilo,,,06/10/2026 08:32
ce585b8c-be95-4b6e-aa3f-19d7b24c46ac,environment.prof,premium,164.77,164.77,high,low,11,spaceship,,,07/10/2026 23:45
724f3216-36b8-48c6-91b5-03b847b64de9,ecosystem.reviews,available,49.88,49.88,high,low,9,spaceship,,,06/10/2026 08:32
1490441f-03c9-43da-b451-02335ecac683,environment.sex,available,51.95,98.53,high,low,11,spaceship,,,07/10/2026 23:45
1ee596a4-a62f-4b72-aa66-5c9c01af7390,ecosystem.fail,available,38.99,38.99,high,low,9,namesilo,,,06/10/2026 08:32
b881db77-97f7-42dd-8cbd-40c0436dbdfc,ecosystem.express,available,9,31.25,high,low,9,spaceship,,,06/10/2026 08:32
82719bc2-3122-4c65-bb7f-b6670ef6187e,ecosystem.recipes,available,4.86,62.3,high,low,9,spaceship,,,06/10/2026 08:32
2ff28ac3-8c77-4d53-abe1-a21effd264c4,environment.cfd,premium,68.43,147.2,high,low,11,namesilo,,,07/10/2026 23:45
dd7ef9fe-f660-42e0-b17d-3ea57d65268e,ecosystem.memorial,available,52.99,52.99,high,low,9,namesilo,,,06/10/2026 08:32
41c5e76c-00ee-4439-943d-614b1a244869,ecosystem.photos,available,15.99,29.99,high,low,9,namesilo,,,06/10/2026 08:32
a686ddb5-d534-454a-84f9-9026ba20e3e5,environment.icu,premium,59.71,119.23,high,low,11,spaceship,,,07/10/2026 23:45
0e9d5836-10da-41a2-b1c8-5db08b066e87,environment.jetzt,available,23.99,23.99,high,low,11,namesilo,,,07/10/2026 23:45
3eac5ce4-6b8e-42d4-99d8-4cead4a82062,environment.supply,available,25.99,25.99,high,low,11,namesilo,,,07/10/2026 23:45
052ae5ce-f163-4213-a5e0-bdcbbc2404ba,green.tickets,available,326.21,388.33,high,medium,5,spaceship,,,09/10/2026 01:37
f58722dc-8872-4919-b053-1cfbc81f6a54,green.beauty,premium,2600,2600,high,medium,5,namecheap,,,09/10/2026 01:37
5bf71d19-128a-4a01-8ca8-f43925c2eea6,ecosystem.house,available,19.99,44.49,high,low,9,namesilo,,,06/10/2026 08:32
054f029d-8226-4064-8bf4-0b3853ddf53c,environment.university,available,48.2,48.2,high,low,11,cloudflare,,,07/10/2026 23:45
2d6cfbcc-7453-497e-951c-72c1e2512e47,green.surgery,premium,520,520,high,medium,5,namecheap,,,09/10/2026 01:37
66458645-a343-4753-92ed-008a3daec2a5,conservation.storage,available,465.95,500.2,high,low,12,spaceship,,,29/09/2026 23:26
5f93ad60-102c-4306-a008-62bd43dcf492,green.you,premium,640,640,high,medium,5,namesilo,,,09/10/2026 01:37
5cdd9b3d-d810-48a8-978b-616e9ee55a1e,ecosystem.vote,available,20.9,72.65,high,low,9,spaceship,,,06/10/2026 08:32
b295fd26-dc61-4a42-b34b-f6a830285c51,environment.flowers,available,64.99,114.99,high,low,11,namesilo,,,07/10/2026 23:45
6456ad1e-a5cb-4582-9d87-7af372c85b10,ecosystem.luxe,available,15.73,15.73,high,low,9,spaceship,,,06/10/2026 08:32
efa04afa-a5cf-437d-ae95-fdedec1dfc48,ecosystem.study,premium,55,55,high,low,9,dynadot,,,06/10/2026 08:32
8fee694c-7720-4230-b387-b4c83e91354d,ecosystem.ski,available,26.5,51.95,high,low,9,unstoppable,,,06/10/2026 08:32
96f034ed-85d6-4e40-8870-5e57653012e7,energy.business,resell,,,high,medium,6,Porkbun LLC,08/12/2014 19:02,08/12/2026 19:02,08/10/2026 08:27
47ca38c7-548e-47b2-831d-3e8c68421f7d,ecosystem.immo,available,34.99,34.99,high,low,9,namesilo,,,06/10/2026 08:32
63a9a25e-6afd-4fe1-b666-cb36f7cf4e2e,environment.tienda,available,46.2,46.2,high,low,11,cloudflare,,,07/10/2026 23:45
2e5b1277-dc82-455c-b53f-e76836d142a3,ecosystem.surf,available,1.24,26.08,high,low,9,spaceship,,,06/10/2026 08:32
b945e2f4-88a1-48a0-806a-cea9ad56cd9f,ecosystem.voting,available,978.6,978.6,high,low,9,dynadot,,,06/10/2026 08:32
97b5fb8d-e5ff-4aeb-a9c9-3f6ac2281a45,green.pub,premium,512,512,high,medium,5,namesilo,,,09/10/2026 01:37
d5123db5-8307-496e-9c5b-320dc758389c,ecosystem.supplies,available,24.99,24.99,high,low,9,namesilo,,,06/10/2026 08:32
e9788e40-a349-4e04-b314-7bbc0676e2b5,conservation.associates,available,11.59,31.25,high,low,12,spaceship,,,29/09/2026 23:26
7833ff5b-1bfa-4135-a86d-203a0e1ce979,environment.biz,premium,825,18.93,high,low,11,dynadot,,,07/10/2026 23:45
b9195c69-ef26-435b-acc4-0e05961b02ec,sustainability.zone,resell,,,high,medium,14,"GoDaddy.com, LLC",10/06/2023 18:11,10/06/2027 18:11,26/09/2026 09:26
58a0a186-55aa-4c40-b5a0-4b8d3021a31d,environment.insure,available,58.16,58.16,high,low,11,spaceship,,,07/10/2026 23:45
808b6fc0-eddc-49c5-ade5-a239f45a048c,environment.diamonds,available,57.98,72.98,high,low,11,namecheap,,,07/10/2026 23:45
68beb26e-e89b-4ac5-9601-6b4355d653a8,environment.mortgage,available,49.88,49.88,high,low,11,spaceship,,,07/10/2026 23:45
51eeb1e8-8701-4966-9bff-790e14db5c2d,energy.kiwi,premium,46.2,46.2,high,medium,6,dynadot,,,08/10/2026 08:27
389d4515-d448-4911-a0b0-09329d365174,environment.rest,available,1.99,26.97,high,low,11,dynadot,,,07/10/2026 23:45
f4bef73e-cec4-4441-8d20-23ff5f47c448,green.hair,premium,2070.2,2070.2,high,medium,5,spaceship,,,09/10/2026 01:37
7a1ce177-2796-4a7e-8140-ac1cd24275c0,green.movie,available,37.67,321.22,high,medium,5,dynadot,,,09/10/2026 01:37
a534c4d0-a77f-4e16-b0b2-b7349787258e,ecosystem.gmbh,available,36.43,36.43,high,low,9,spaceship,,,06/10/2026 08:32
ebcc1b0f-f187-44b7-8617-04126d71f830,energy.spot,premium,517.7,517.7,high,medium,6,spaceship,,,08/10/2026 08:27
2a412e68-a512-4bae-a0f6-1fba7c2d35b4,energy.furniture,available,27.99,94.99,high,medium,6,namesilo,,,08/10/2026 08:27
93801529-c457-45d8-b5d1-049c30e59153,green.fyi,resell,,,high,medium,5,"Global Domains International, Inc. DBA DomainCostClub.com",21/01/2026 15:15,21/01/2027 15:15,09/10/2026 01:37
f8faa81f-a84f-4a30-b6e0-4c2cf81a02be,energy.world,resell,,,high,medium,6,Porkbun LLC,12/01/2015 20:56,12/01/2027 20:56,08/10/2026 08:27
29095957-9383-4a3a-a14a-d51a22488beb,ecosystem.site,resell,,,high,low,9,Dynadot Inc,02/09/2026 12:42,02/09/2027 12:42,06/10/2026 08:32
720d4a4d-7d84-4bb3-824a-d112e3b1d8a5,ecosystem.college,available,45.2,45.2,high,low,9,cloudflare,,,06/10/2026 08:32
f3121e13-85f9-48b2-8da4-5e53822280d6,habitat.wiki,premium,116,116,high,medium,7,namesilo,,,06/10/2026 15:25
3295c60c-4b51-4d84-870d-37f270d6f0f2,ecosystem.info,resell,,,high,low,9,"Sav.com, LLC - 38",26/03/2025 15:15,26/03/2027 15:15,06/10/2026 08:32
2f0dcdb4-b1dd-4e6d-bcb3-d4940cf2217d,energy.condos,premium,118.8,118.8,high,medium,6,namesilo,,,08/10/2026 08:27
0b657c9c-6746-4ed0-b94d-f43832f10586,environment.bargains,available,17.99,26.49,high,low,11,namesilo,,,07/10/2026 23:45
8301adf1-398b-4d37-85ed-83f18e087e48,environment.doctor,available,90.2,90.2,high,low,11,cloudflare,,,07/10/2026 23:45
71b6f84d-c95c-4dda-af58-ef49dc4bb8d3,energy.shiksha,premium,2660,2660,high,medium,6,namesilo,,,08/10/2026 08:27
fbc563ca-16f6-42e4-be17-d720b86271d3,ecosystem.chat,available,10.99,44.99,high,low,9,namesilo,,,06/10/2026 08:32
1f484d63-eff2-4c0e-88f0-740184434079,habitat.sbs,premium,390,780,high,medium,7,namecheap,,,06/10/2026 15:25
2b4d6777-49ba-408b-9d32-308b98e55278,habitat.talk,premium,66,66,high,medium,7,dynadot,,,06/10/2026 15:25
ac2899cd-7d5b-446d-97bb-c172e633b391,ecosystem.fun,premium,3450,3450,high,low,9,namesilo,,,06/10/2026 08:32
99f1e49f-beee-449b-9697-9cea8e41b739,green.directory,resell,23.6,23.6,high,medium,5,"GoDaddy.com, LLC",10/08/2026 20:29,10/08/2027 20:29,09/10/2026 01:37
a064cc06-cbb9-4f49-9787-b842654a9000,ecosystem.furniture,available,27.99,94.99,high,low,9,namesilo,,,06/10/2026 08:32
be7c672c-dffd-4a2f-afcd-852c8b79d5c6,ecosystem.adult,available,69.98,166.98,high,low,9,namecheap,,,06/10/2026 08:32
dc433ef9-bba1-4977-adad-09d18f00f2a4,energy.lat,resell,,,high,medium,6,Porkbun LLC,25/08/2025 18:55,25/08/2027 23:59,08/10/2026 08:27
844155e3-98e5-4ed4-8d72-9cb2d7bc62df,environment.shoes,available,50.2,50.2,high,low,11,cloudflare,,,07/10/2026 23:45
afec8740-b8aa-45d6-bdf6-619a1da276cf,green.partners,premium,102.67,102.67,high,medium,5,spaceship,,,09/10/2026 01:37
1d2dfe9c-92f3-40d9-8683-184348d415b9,energy.watch,premium,400.5,512,high,medium,6,unstoppable,,,08/10/2026 08:27
199e6eac-dd13-4ce9-8038-35ed7e8624b1,environment.rsvp,premium,167.7,167.7,high,low,11,namecheap,,,07/10/2026 23:45
e28ed56f-a362-4ecf-8a96-f8699cdda29f,energy.games,resell,,,high,medium,6,"DNSPod, Inc.",22/01/2021 07:45,22/01/2027 07:45,08/10/2026 08:27
89d56baa-50fc-4356-85c5-f943e9a8e906,environment.dealer,premium,4278,2660,high,low,11,namesilo,,,07/10/2026 23:45
199eea6e-c6f1-49d7-b3f1-385a9eebf98a,environment.ski,premium,99.5,135.2,high,low,11,unstoppable,,,07/10/2026 23:45
fa38ef11-cc86-4224-a94c-95d3da8f93ea,ecosystem.online,premium,687.5,2750,high,low,9,dynadot,,,06/10/2026 08:32
a24cb07f-344a-4536-bd57-a244810473bc,ecosystem.surgery,available,43.67,43.67,high,low,9,spaceship,,,06/10/2026 08:32
3a271405-140c-44e9-a8a2-d607e855b3e0,ecosystem.cv,available,7.98,7.98,high,low,9,spaceship,,,06/10/2026 08:32
27f4cdb3-dae1-4560-b503-3492939380db,ecosystem.lat,available,1.8,40.98,high,low,9,namecheap,,,06/10/2026 08:32
113960c3-18be-4b62-903c-af76b537fc90,ecosystem.clinic,available,10.55,51.95,high,low,9,spaceship,,,06/10/2026 08:32
52edff90-2c9f-4e95-8a12-4948406f3dac,environment.hiphop,available,20.9,20.9,high,low,11,spaceship,,,07/10/2026 23:45
4104113f-4fbe-45f2-a6f7-ea25c8ef3b6a,ecosystem.construction,available,38.99,38.99,high,low,9,namesilo,,,06/10/2026 08:32
075811b5-4eb3-410f-a69e-cffabf1b76d9,habitat.rich,available,79,160.72,high,medium,7,dynadot,,,06/10/2026 15:25
4a4386fa-2593-4c77-b980-fe7f43cf396c,energy.land,resell,,,high,medium,6,Dynadot Inc,08/05/2022 13:15,08/05/2027 13:15,08/10/2026 08:27
624d4a5a-b347-48f7-90bd-080e3ce2f7c2,environment.loan,premium,362.45,51.95,high,low,11,spaceship,,,07/10/2026 23:45
0057d863-cf82-4cce-81b7-e97b42a514a9,environment.holiday,available,51.95,51.95,high,low,11,spaceship,,,07/10/2026 23:45
ef99af17-d0d3-4dc7-87b0-0222cf9e05f8,environment.xyz,resell,,,high,low,11,"Spaceship, Inc.",02/06/2014 18:31,02/06/2027 23:59,07/10/2026 23:45
777badf4-d8a7-4834-a703-6d7139798c2f,ecosystem.rent,available,1.18,51.95,high,low,9,spaceship,,,06/10/2026 08:32
1302dbde-9bfc-4c2a-b650-429a7fc8eeb3,conservation.navy,available,41.99,41.99,high,low,12,namesilo,,,29/09/2026 23:26
7d6a46c6-7b9b-45d3-913e-ce079f701fa1,ecosystem.boats,available,1.24,13.97,high,low,9,spaceship,,,06/10/2026 08:32
a1a08852-7fa6-4cd5-839d-7c0faba8e154,green.phd,premium,671.92,671.92,high,medium,5,spaceship,,,09/10/2026 01:37
5c725302-85ab-4248-8a38-2043c901aa54,environment.degree,available,40.2,40.2,high,low,11,cloudflare,,,07/10/2026 23:45
225f2f4f-0f04-4b3d-a787-0b51dad8225d,energy.clothing,available,26.08,26.08,high,medium,6,spaceship,,,08/10/2026 08:27
c8fcf75b-95c7-44bf-a6cb-07aa54f72e5d,green.band,premium,68.51,68.51,high,medium,5,spaceship,,,09/10/2026 01:37
3e91096b-867f-499f-9ea3-122e665426ed,green.bot,premium,3450,3450,high,medium,5,namesilo,,,09/10/2026 01:37
34999a83-b34d-490e-a971-1eebcc5ca088,environment.qpon,premium,3450,23.54,high,low,11,namesilo,,,07/10/2026 23:45
4d16db77-bd25-48f6-91b9-d13e140db6b7,environment.express,available,9,31.25,high,low,11,spaceship,,,07/10/2026 23:45
0f64d396-eff1-41ba-abb0-8d177dea0ee7,energy.memorial,premium,128.7,128.7,high,medium,6,namecheap,,,08/10/2026 08:27
511956bf-48a0-4ca8-a87f-112abea7a01c,energy.vodka,premium,88,26.97,high,medium,6,dynadot,,,08/10/2026 08:27
94731191-291b-4b85-a820-7f8860bd4534,ecosystem.dealer,premium,4278,2660,high,low,9,namesilo,,,06/10/2026 08:32
066c1b1b-0275-4e21-ab94-b4f7566bbb51,conservation.cleaning,available,60.23,60.23,high,low,12,spaceship,,,29/09/2026 23:26
0795fdd7-68eb-4f2a-bb61-56ba40878c49,environment.international,resell,,,high,low,11,Dynadot Inc,09/07/2026 17:00,09/07/2027 17:00,07/10/2026 23:45
b6f4dadb-fd47-4cf8-a8d1-6d4b00c38aae,habitat.fashion,available,26.08,26.08,high,medium,7,spaceship,,,06/10/2026 15:25
0a2ef174-b431-40f6-94cb-746b9d065162,habitat.game,available,300.2,300.2,high,medium,7,cloudflare,,,06/10/2026 15:25
5072e2e9-2211-4100-b2bc-86bd26bdd213,environment.vote,available,20.9,72.65,high,low,11,spaceship,,,07/10/2026 23:45
b012a912-a4b4-46da-a690-b43d45721a5b,ecosystem.hiphop,available,20.9,20.9,high,low,9,spaceship,,,06/10/2026 08:32
bf5d3b95-0602-44f1-8465-e0bc8ed526a4,ecosystem.restaurant,available,20,51.95,high,low,9,unstoppable,,,06/10/2026 08:32
4bb89105-6b34-4f31-ad27-bac5421f96cc,environment.charity,premium,242,242,high,low,11,namesilo,,,07/10/2026 23:45
652e9cbc-f5d2-4240-ab2d-483cea8da7e3,energy.how,premium,768.3,768.3,high,medium,6,namecheap,,,08/10/2026 08:27
a2d7e7f6-346e-4d15-a094-e179bb67070a,energy.diamonds,available,43.67,43.67,high,medium,6,spaceship,,,08/10/2026 08:27
7e6f6b5f-7a9d-4582-954c-2156d9be636e,conservation.osaka,available,26.97,26.97,high,low,12,dynadot,,,29/09/2026 23:26
1348e775-3b37-4e68-acc5-211c8e8592f4,conservation.villas,available,59.99,59.99,high,low,12,namesilo,,,29/09/2026 23:26
a6cb0626-94d0-4112-a7ab-cf6ade3e3b71,ecosystem.cricket,premium,448,53.92,high,low,9,namesilo,,,06/10/2026 08:32
fc3c4e76-b2c1-485b-a1bb-dc1f8f1e2ef5,ecosystem.place,available,17.2,17.2,high,low,9,cloudflare,,,06/10/2026 08:32
4544694b-c6c3-4a39-8a64-9f95f7c5f1f5,ecosystem.rest,available,2.19,28.99,high,low,9,namesilo,,,06/10/2026 08:32
112a64d8-9c97-49a7-be6f-fd0a5799cd8f,environment.review,premium,13800,116,high,low,11,namesilo,,,07/10/2026 23:45
e9cf304c-23be-479a-ada0-1b8e5b815534,conservation.menu,available,27.99,27.99,high,low,12,namesilo,,,29/09/2026 23:26
5873d251-a147-485a-81ee-a9b97abbc310,energy.rip,available,23.49,23.49,high,medium,6,namesilo,,,08/10/2026 08:27
887d6ae7-4877-4bac-a683-d7d22b0885a5,green.fans,premium,155.45,310.7,high,medium,5,spaceship,,,09/10/2026 01:37
ae40a3ac-5ec5-4788-a05f-af7fee9c933a,conservation.toys,available,13.14,51.95,high,low,12,spaceship,,,29/09/2026 23:26
d0d60b5e-cd5e-4e20-b942-b663754d23c9,green.democrat,premium,35.4,35.4,high,medium,5,namesilo,,,09/10/2026 01:37
b37c6ce0-c9bc-4a23-b6ea-0ae07166bd6d,energy.channel,premium,516.67,516.67,high,medium,6,spaceship,,,08/10/2026 08:27
3e632e8f-296f-4ba3-bbad-f12e69bd1f27,energy.racing,premium,130,130,high,medium,6,namecheap,,,08/10/2026 08:27
9dee4b38-21a8-4064-916e-c4571d3ea9a2,conservation.lifestyle,available,5.49,39.99,high,low,12,namesilo,,,29/09/2026 23:26
ec1cfd58-3ebb-4572-b410-794fee1f4e5a,green.broker,resell,,,high,medium,5,"Global Domains International, Inc. DBA DomainCostClub.com",06/08/2026 15:16,06/08/2027 15:16,09/10/2026 01:37
15f41e95-6aa0-4e44-b167-c780827d2083,energy.law,resell,,,high,medium,6,"GoDaddy.com, LLC",20/08/2020 18:28,20/08/2028 18:28,08/10/2026 08:27
2ef207d5-07de-4854-8b80-ca2a19da4331,conservation.lat,available,1.99,32.49,high,low,12,namesilo,,,29/09/2026 23:26
40e1b800-c294-4108-b2c6-938719200d8e,energy.srl,premium,54.28,30.68,high,medium,6,namesilo,,,08/10/2026 08:27
20dda870-38c9-47e8-bafe-dff38b505a0b,conservation.gives,available,5.99,22.66,high,low,12,porkbun,,,29/09/2026 23:26
b65ca7dd-3a01-4d0c-a980-b3a155635bc2,conservation.pet,available,14.49,27.59,high,low,12,namesilo,,,29/09/2026 23:26
3829e59d-e460-4e2e-9d12-14a40fb5b606,ecosystem.credit,available,11.49,104.99,high,low,9,namesilo,,,06/10/2026 08:32
0df14983-8d83-4a2d-b869-6b02331c822e,energy.shoes,available,31.25,51.95,high,medium,6,spaceship,,,08/10/2026 08:27
b67cbcb3-7aae-4c28-b62d-6936702ac992,environment.accountant,premium,448,53.92,high,low,11,namesilo,,,07/10/2026 23:45
b7044df9-1ae4-448a-98a4-d5952edef437,energy.onl,resell,,,high,medium,6,Porkbun LLC,28/05/2025 05:07,28/05/2027 05:07,08/10/2026 08:27
5a34a07d-c06c-4619-89f3-78d28e2f29aa,environment.capital,available,55.2,55.2,high,low,11,cloudflare,,,07/10/2026 23:45
3306c525-2b62-406e-95ab-c54a103421da,conservation.insure,available,72.99,72.99,high,low,12,namesilo,,,29/09/2026 23:26
3d2a04ad-ead8-4ae8-a45d-f11a296f44ba,environment.soy,premium,79.2,107.9,high,low,11,unstoppable,,,07/10/2026 23:45
ac25f13f-25a1-41b4-bbbb-83da364c7212,ecosystem.now,resell,,,high,low,9,"Spaceship, Inc.",08/03/2025 02:23,08/03/2027 02:23,06/10/2026 08:32
d820a8c3-bfc0-4abf-80a1-df68c3ae4bcd,environment.trading,available,16.76,16.76,high,low,11,spaceship,,,07/10/2026 23:45
45bb7f4d-a150-43a9-9ec1-8b17929156fd,environment.holdings,available,76.48,91.98,high,low,11,namecheap,,,07/10/2026 23:45
d306b892-fa54-4427-b850-cedc2e735fa2,energy.fast,premium,550,550,high,medium,6,dynadot,,,08/10/2026 08:27
a68695d7-d47a-4b51-8b5e-b2d63c25e532,ecosystem.blue,available,19.2,19.2,high,low,9,cloudflare,,,06/10/2026 08:32
988f3191-01cc-45a0-973f-5c89615b4c4b,ecosystem.irish,available,7.49,22.49,high,low,9,namesilo,,,06/10/2026 08:32
7019f0e3-5f06-434f-ba4a-8b9a07c67741,ecosystem.dentist,available,65.99,65.99,high,low,9,namesilo,,,06/10/2026 08:32
aaca2b01-e669-48c6-b171-e31bbdcb51b8,green.games,premium,130,260,high,medium,5,namecheap,,,09/10/2026 01:37
9517986f-4c55-4c70-9c71-839756e400b1,environment.bid,premium,13000,130,high,low,11,namecheap,,,07/10/2026 23:45
d0d5dcbb-4bb9-4e41-8142-670581a2c133,energy.mortgage,premium,242,242,high,medium,6,namesilo,,,08/10/2026 08:27
c0d40e29-314b-4044-a5ef-412fadfcf9f3,green.foo,premium,1034.17,1034.17,high,medium,5,spaceship,,,09/10/2026 01:37
d20c4078-5c7a-47ec-ba6e-358727fc2987,conservation.top,available,2.98,6.98,high,low,12,namecheap,,,29/09/2026 23:26
fd683f0a-3cb4-45b2-aeb4-f0d3fa21ea81,habitat.hosting,available,279.65,341.75,high,medium,7,spaceship,,,06/10/2026 15:25
f5f7df07-f1cf-4342-83aa-281da95d6063,energy.live,resell,,,high,medium,6,"GoDaddy.com, LLC",22/04/2016 03:35,22/04/2027 03:35,08/10/2026 08:27
ab403350-cb1a-46de-bbdc-0654c015a687,green.esq,premium,649.2,671.92,high,medium,5,unstoppable,,,09/10/2026 01:37
dcee1899-0e87-4512-bd4f-1e368f65eb82,conservation.ltd,available,8.5,,high,low,12,unstoppable,,,29/09/2026 23:26
6f98ad5a-7b71-4a97-b6f7-963a9b9133cd,green.management,resell,,,high,medium,5,Dynadot Inc,16/06/2025 15:15,16/06/2027 15:15,09/10/2026 01:37
cd1f51d7-d21b-404f-9138-b44dcf404cfc,habitat.flowers,available,108.98,159.98,high,medium,7,namecheap,,,06/10/2026 15:25
ce737105-1d1e-43c2-9e41-e97c8d402b2d,habitat.ing,premium,362.45,362.45,high,medium,7,spaceship,,,06/10/2026 15:25
fa13ff41-3695-42aa-a2df-4233cc0f230b,energy.party,resell,,,high,medium,6,"Spaceship, Inc.",27/03/2022 15:44,27/03/2027 15:44,08/10/2026 08:27
e872cb20-821d-42d6-ac01-b544c1a44941,energy.dad,premium,499.2,516.67,high,medium,6,unstoppable,,,08/10/2026 08:27
c0c1bedc-5b66-4007-a465-4a768418334e,ecosystem.zip,premium,61.27,61.27,high,low,9,spaceship,,,06/10/2026 08:32
b4bbac18-53db-4e0c-a6c1-8c6c2bf3a2b9,habitat.website,premium,162.5,325,high,medium,7,namecheap,,,06/10/2026 15:25
7ae5096a-f992-4883-b173-417beb465627,energy.careers,premium,440,440,high,medium,6,dynadot,,,08/10/2026 08:27
494667a9-b6bf-4a1e-bcdc-00770643985e,environment.pro,resell,,,high,low,11,"TurnCommerce, Inc. DBA NameBright.com",07/05/2022 17:00,07/05/2028 17:00,07/10/2026 23:45
a71bcb7a-53fe-4716-9bbb-a2650d10b768,ecosystem.forex,available,10.55,83,high,low,9,spaceship,,,06/10/2026 08:32
07ebf19b-2966-4892-88e3-a9d1cb04a0ac,habitat.mov,premium,129.2,167.7,high,medium,7,unstoppable,,,06/10/2026 15:25
99d6bd67-3c7c-4f6b-b6ae-30d65f70fd8d,energy.deal,premium,517.7,517.7,high,medium,6,spaceship,,,08/10/2026 08:27
f3477422-a8b9-4f2e-8597-a840f9c7217c,ecosystem.computer,available,23.99,38.99,high,low,9,namesilo,,,06/10/2026 08:32
73239366-5f33-4f14-8ce3-5b64930b042a,energy.reise,available,115.48,143.48,high,medium,6,namecheap,,,08/10/2026 08:27
ebe5b82e-1edb-4878-89df-831535aca149,environment.best,available,2.35,22.99,high,low,11,namesilo,,,07/10/2026 23:45
fbe55977-ee1b-48a4-8de9-8777099b0081,ecosystem.accountant,premium,448,53.92,high,low,9,namesilo,,,06/10/2026 08:32
26216ef8-2420-4b24-9d7e-79ef95e3c255,environment.contact,available,14.99,14.99,high,low,11,namesilo,,,07/10/2026 23:45
d17b5761-412e-43bc-9fc0-94e9215af651,habitat.racing,premium,103.7,103.7,high,medium,7,spaceship,,,06/10/2026 15:25
e1f95263-953a-4cd8-a4d7-f8e168eb6e88,green.memorial,available,134.99,134.99,high,medium,5,namesilo,,,09/10/2026 01:37
8250b6f1-8fd6-42ec-8601-be513fe4f7f3,green.degree,available,52.99,52.99,high,medium,5,namesilo,,,09/10/2026 01:37
50780d78-9dbc-4c9c-8506-5598cabe3254,environment.mov,premium,30.22,30.22,high,low,11,spaceship,,,07/10/2026 23:45
8c339cfc-3f9a-4c62-b11a-75874c2fe443,environment.build,premium,258.95,258.95,high,low,11,spaceship,,,07/10/2026 23:45
68189f6c-3e96-4356-b6ae-31c940e12f57,ecosystem.talk,available,38.99,38.99,high,low,9,namesilo,,,06/10/2026 08:32
506c4536-0488-4ced-9042-8eb091510c4c,ecosystem.tienda,available,59.99,59.99,high,low,9,namesilo,,,06/10/2026 08:32
e1e55683-288d-453c-9a24-a28c906003b8,ecosystem.creditcard,available,144.99,144.99,high,low,9,namesilo,,,06/10/2026 08:32
b5216f3a-9d0b-4ff1-9c17-82d85ce1c2e7,energy.trading,premium,1035.2,1035.2,high,medium,6,spaceship,,,08/10/2026 08:27
18571c7e-ef93-40f8-8fb3-54cf78980e70,environment.blackfriday,available,103.7,103.7,high,low,11,spaceship,,,07/10/2026 23:45
a45b7922-7938-443f-bb50-82887641ad29,habitat.auto,available,2070,2950,high,medium,7,namecheap,,,06/10/2026 15:25
aedceba6-6532-49e9-9410-1b3fcaa308ad,conservation.democrat,available,5.38,26.08,high,low,12,spaceship,,,29/09/2026 23:26
6d9f0695-bb87-43a8-838f-aee9815e3175,energy.health,premium,7762.7,62.3,high,medium,6,spaceship,,,08/10/2026 08:27
c01c05eb-2cba-46c5-8072-43c38708a2e8,green.best,premium,572.94,572.94,high,medium,5,namesilo,,,09/10/2026 01:37
15f4d972-10e4-460b-8ab5-412c5dda99ad,environment.maison,available,44.2,44.2,high,low,11,cloudflare,,,07/10/2026 23:45
4582819b-01f0-48d7-8a92-14d2f40c4c7c,conservation.name,available,7.27,7.27,high,low,12,dynadot,,,29/09/2026 23:26
dfce0057-d191-46eb-b5a7-91a590ae3a98,energy.tips,premium,400.5,414.2,high,medium,6,unstoppable,,,08/10/2026 08:27
cb288a39-3d08-4ef6-98f8-02b1d4ea5d5f,green.christmas,resell,,,high,medium,5,"Key-Systems, LLC",29/11/2025 01:00,29/11/2026 23:59,09/10/2026 01:37
85077984-5fab-4e46-86d6-6a833c653139,energy.camp,premium,414.2,414.2,high,medium,6,spaceship,,,08/10/2026 08:27
87f62996-e34a-469a-bbb0-bf3b9a8da57b,environment.wine,available,8.48,83.98,high,low,11,namecheap,,,07/10/2026 23:45
731fefd5-34a4-4ca5-a8e5-e4ba658c5833,habitat.eco,premium,3622.7,59.71,high,medium,7,spaceship,,,06/10/2026 15:25
5d141978-b204-4f0e-a4e6-1a9e78bcc459,green.bargains,premium,108.9,108.9,high,medium,5,dynadot,,,09/10/2026 01:37
9f9c133c-8ba9-45dc-bb95-64759fb5b943,habitat.charity,available,21.7,21.7,high,medium,7,cloudflare,,,06/10/2026 15:25
a4679009-9622-45e0-b045-651c2c03f38e,environment.pizza,available,17,83.98,high,low,11,unstoppable,,,07/10/2026 23:45
b599d42d-5471-4207-9283-733038516379,green.academy,resell,,,high,medium,5,"Spaceship, Inc.",16/06/2022 13:15,16/06/2027 13:15,09/10/2026 01:37
1e75eedd-b5d8-4218-8523-83bdd4f8c3a3,conservation.earth,premium,71.4,71.4,high,low,12,namesilo,,,29/09/2026 23:26
1cd96fe9-091e-4148-a1f4-9a26f40ed4ee,environment.vegas,available,16.51,43.61,high,low,11,dynadot,,,07/10/2026 23:45
6f9c4f00-2c36-4969-b3d0-ed4b5c6e8344,ecosystem.coupons,available,42.2,42.2,high,low,9,cloudflare,,,06/10/2026 08:32
187368e7-3c5e-424c-93cc-60150d63e188,green.limo,premium,414.2,414.2,high,medium,5,spaceship,,,09/10/2026 01:37
0d1c58d7-aa04-41f3-b364-1c813387ee7f,habitat.loan,premium,385,55,high,medium,7,dynadot,,,06/10/2026 15:25
ae2c71b9-8b90-4d3e-8960-7cba78752a1d,ecosystem.jetzt,available,7.71,21.62,high,low,9,dynadot,,,06/10/2026 08:32
6c9d26f5-2d98-4ef8-890d-7af768792262,environment.courses,premium,5500,5500,high,low,11,dynadot,,,07/10/2026 23:45
c75c7ba4-1ad7-433d-9450-14511cdae8bf,conservation.holdings,available,64.99,64.99,high,low,12,namesilo,,,29/09/2026 23:26
d8c5edb3-00a7-4b72-849f-600488ab3c65,green.productions,premium,102.67,102.67,high,medium,5,spaceship,,,09/10/2026 01:37
cc7bbc5b-40f6-4537-b811-b80e8992c5bd,ecosystem.voto,available,26.5,55.93,high,low,9,unstoppable,,,06/10/2026 08:32
c1afca99-925b-4f9b-ba64-5e642f1d00e8,conservation.delivery,available,6.75,61.99,high,low,12,namesilo,,,29/09/2026 23:26
184df7b6-d9af-44ef-b6eb-2002c89b96ea,habitat.sexy,available,2587.7,2587.7,high,medium,7,spaceship,,,06/10/2026 15:25
3b193d95-3825-44fc-8df4-cbaf43f2077b,energy.security,available,1999.99,2049.99,high,medium,6,namesilo,,,08/10/2026 08:27
c9bf9270-3212-4b01-902b-012af69e3e08,conservation.auto,available,1999.99,2199,high,low,12,namesilo,,,29/09/2026 23:26
23b6b3b9-350c-4168-adfe-ac36f5d5a9c2,green.charity,premium,207.2,207.2,high,medium,5,spaceship,,,09/10/2026 01:37
53bd305f-faf7-4465-9a01-625174fc5a6c,environment.pink,premium,517.7,517.7,high,low,11,spaceship,,,07/10/2026 23:45
f0b5b7bb-348d-4796-a9e9-3b5397a2a681,conservation.republican,available,7.49,28.99,high,low,12,namesilo,,,29/09/2026 23:26
53722af7-37e9-4432-9356-59ec33fa6148,energy.photo,premium,116,116,high,medium,6,namesilo,,,08/10/2026 08:27
f12ff9d4-1386-456b-bc97-52189ba2a62c,energy.football,available,10.92,23.76,high,medium,6,dynadot,,,08/10/2026 08:27
5d579b58-7794-4f0d-bb70-d2a8edd2ffa4,environment.deal,premium,100.5,116,high,low,11,unstoppable,,,07/10/2026 23:45
7e762618-24a8-4103-b167-c197552579db,conservation.host,available,4.68,81.97,high,low,12,spaceship,,,29/09/2026 23:26
521818e1-7cdc-404a-ad89-96b7fd033d14,green.fund,resell,,,high,medium,5,Epik LLC,08/06/2017 17:57,08/06/2027 17:57,09/10/2026 01:37
2e1d03d2-644a-4e02-9de6-cb9ea84d6d85,environment.sale,premium,118.8,118.8,high,low,11,namesilo,,,07/10/2026 23:45
5257837c-d47d-41cd-a472-666bc010e258,green.creditcard,premium,854,854,high,medium,5,namesilo,,,09/10/2026 01:37
d1bfb3cb-03e1-48b5-a2ac-44633865f3d0,conservation.direct,available,17.99,41.99,high,low,12,namesilo,,,29/09/2026 23:26
030a7e4c-7da7-4dfa-b942-8b9d919bf82e,conservation.coach,available,17.99,77.99,high,low,12,namesilo,,,29/09/2026 23:26
e0dc40db-4b92-46e8-94ec-e2041d2fb101,habitat.country,available,2140.22,2140.22,high,medium,7,dynadot,,,06/10/2026 15:25
7950e011-467d-4bdd-b187-956e10a66060,environment.cooking,available,26.08,26.08,high,low,11,spaceship,,,07/10/2026 23:45
83b9687f-5c52-4b6c-a505-017a778219aa,conservation.mba,available,30.2,30.2,high,low,12,cloudflare,,,29/09/2026 23:26
c74649b2-2de9-4d61-9231-15ad70f28bf8,ecosystem.hockey,available,47.81,47.81,high,low,9,spaceship,,,06/10/2026 08:32
58e5257f-2932-4499-9351-4431c0700155,green.flights,premium,242,242,high,medium,5,namesilo,,,09/10/2026 01:37
503f0fbf-d311-495e-bb59-26aee7bc81e7,ecosystem.vacations,available,31.25,31.25,high,low,9,spaceship,,,06/10/2026 08:32
b5a2c429-f1a1-42b5-ad66-ca9d124ee5e3,energy.group,resell,,,high,medium,6,"GoDaddy.com, LLC",04/06/2016 16:00,04/06/2027 16:00,08/10/2026 08:27
62779921-ca23-47cd-94a5-ceff506245db,ecosystem.ltda,available,30.18,30.18,high,low,9,dynadot,,,06/10/2026 08:32
c93823af-737b-4208-9a2d-24b1d31ef508,climate.zone,resell,,,high,medium,7,"Chengdu West Dimension Digital Technology Co., Ltd.",04/12/2023 15:15,04/12/2026 15:15,29/09/2026 10:05
0752bf85-a9f2-48cc-893a-66e6c228c6bd,green.sydney,available,58,58,high,medium,5,namesilo,,,09/10/2026 01:37
fcfe41c3-c038-4bda-b05c-51c9ca97598d,environment.loans,available,90.2,90.2,high,low,11,cloudflare,,,07/10/2026 23:45
7ec05720-c2ef-45ed-b178-1d76e2486260,energy.tienda,available,5.57,49.44,high,medium,6,dynadot,,,08/10/2026 08:27
0f43300b-f933-4cde-be54-458d95ef59c5,ecosystem.autos,available,1.99,17.29,high,low,9,namesilo,,,06/10/2026 08:32
dc7e0cee-6a6c-40fd-a962-c32bf3eb9298,conservation.prof,premium,50.92,50.92,high,low,12,spaceship,,,29/09/2026 23:26
6767dc8b-b9a2-4ca7-b844-f003be16dfca,conservation.talk,premium,66.02,66.02,high,low,12,porkbun,,,29/09/2026 23:26
e51e76d7-e4f4-4ddd-b5fd-1dcf978d2ff1,ecosystem.esq,premium,174.1,174.1,high,low,9,porkbun,,,06/10/2026 08:32
e9964e3d-4458-4c73-be16-e0a00ba082ce,conservation.fm,available,88.99,88.99,high,low,12,namesilo,,,29/09/2026 23:26
385f5e11-5232-490c-880f-46c31fc058ba,environment.page,premium,133.72,133.72,high,low,11,spaceship,,,07/10/2026 23:45
7d1b99f4-aa1e-4764-b6bd-37db122c34bc,ecosystem.agency,resell,,,high,low,9,"Sav.com, LLC - 48",09/09/2026 15:16,09/09/2027 15:16,06/10/2026 08:32
d998dfb0-6fd1-4680-ab1e-d855167dfc06,green.dealer,premium,1604.45,2070.2,high,medium,5,spaceship,,,09/10/2026 01:37
4c4c3206-b319-4645-b746-e9c7f6083148,environment.hosting,available,300.2,300.2,high,low,11,cloudflare,,,07/10/2026 23:45
bc6d5978-647d-43a4-82b2-e147f2a6e4e0,habitat.download,premium,362.45,51.95,high,medium,7,spaceship,,,06/10/2026 15:25
7e60ab53-8bd6-4730-ab97-005871f4ea84,energy.yoga,resell,,,high,medium,6,"Spaceship, Inc.",23/04/2021 16:00,23/04/2027 16:00,08/10/2026 08:27
d2e0bb10-bda8-4de6-b633-68badab5f834,habitat.horse,available,26.08,26.08,high,medium,7,spaceship,,,06/10/2026 15:25
6ab0e2ac-4f5a-4455-a011-4bbe0d8a0a88,environment.vision,resell,,,high,low,11,Dynadot Inc,13/09/2025 07:23,13/09/2027 07:23,07/10/2026 23:45
c0219ffa-b585-4697-9a31-bfa6854c611a,habitat.vana,available,2070.2,2070.2,high,medium,7,spaceship,,,06/10/2026 15:25
c6eade58-7d25-4e9f-86eb-fac213868407,green.spot,premium,1107,1107,high,medium,5,namesilo,,,09/10/2026 01:37
04c048a4-3e2f-4eb0-af21-b2c9eb099bfb,ecosystem.cleaning,available,75.49,75.49,high,low,9,namesilo,,,06/10/2026 08:32
2eb76336-ebd5-417a-94bf-58c7f16b52b7,habitat.hot,premium,130,130,high,medium,7,namecheap,,,06/10/2026 15:25
d5bf334b-e7e0-44e0-aef7-5f71167b2571,ecosystem.trade,premium,,,high,low,9,,,,06/10/2026 08:32
16961866-43b1-424a-af21-b1e692801568,environment.airforce,available,122.48,149.98,high,low,11,namecheap,,,07/10/2026 23:45
e2e2860e-5ba8-4de1-bb64-ff83b4ebc2c7,habitat.tube,premium,110,21.62,high,medium,7,dynadot,,,06/10/2026 15:25
c40d3b48-7807-476a-8af9-9e3a5a3db3fb,energy.schule,available,22.2,22.2,high,medium,6,cloudflare,,,08/10/2026 08:27
690995ae-3a25-43e1-89c4-32f0e8d523c5,environment.republican,available,7.25,7.25,high,low,11,namesilo,,,07/10/2026 23:45
de184a01-57bb-46c8-b233-d82e893114b5,habitat.accountant,premium,385,55,high,medium,7,dynadot,,,06/10/2026 15:25
e00afadd-f622-45c9-b4fb-8ad909524625,habitat.sucks,premium,2728.7,2728.7,high,medium,7,namecheap,,,06/10/2026 15:25
8573c2af-f386-4a7b-9df9-8b20bb1535ff,environment.rentals,available,10.99,44.49,high,low,11,namesilo,,,07/10/2026 23:45
788bbb36-cfcd-4c6e-8278-1a4f714fcb97,habitat.boats,available,1.24,13.97,high,medium,7,spaceship,,,06/10/2026 15:25
9b5468f9-29a9-4de8-8275-c55d03c37d7e,environment.theatre,available,465.95,500.18,high,low,11,spaceship,,,07/10/2026 23:45
60ddca38-4323-408c-87ae-f8d81a3b5616,green.navy,available,32.2,32.2,high,medium,5,cloudflare,,,09/10/2026 01:37
f0043259-c330-4ad5-b54b-d61a8613b7ba,green.rent,premium,1035.2,1035.2,high,medium,5,spaceship,,,09/10/2026 01:37
916c7468-9b41-494f-924e-069f3a7cae91,conservation.broker,available,10.55,29.18,high,low,12,spaceship,,,29/09/2026 23:26
b1fbdf1b-80cb-47be-b0b9-41881f8268c2,green.photography,available,14.49,36.49,high,medium,5,namesilo,,,09/10/2026 01:37
99880fc2-91d4-45dc-b022-024b921e3016,ecosystem.rodeo,available,12.99,12.99,high,low,9,namesilo,,,06/10/2026 08:32
5be5f1c6-f37f-43bf-a805-091fdde2d4cc,conservation.salon,available,57.99,57.99,high,low,12,namesilo,,,29/09/2026 23:26
d433ffec-2ddf-41c5-8d5d-7c57ab402a87,conservation.airforce,available,80.2,80.2,high,low,12,cloudflare,,,29/09/2026 23:26
96e241a7-2028-4e90-be53-1b6a367ee915,environment.clinic,available,10.55,51.95,high,low,11,spaceship,,,07/10/2026 23:45
9c963249-d9ce-454a-b4e7-5afcf24661dd,conservation.restaurant,available,10.55,51.95,high,low,12,spaceship,,,29/09/2026 23:26
93ecca36-2553-4eed-8f93-ad37a5617fd1,ecosystem.diamonds,available,54.99,54.99,high,low,9,namesilo,,,06/10/2026 08:32
dcfe94c3-a89b-4eea-a2a5-7941b5d499e2,conservation.cash,available,4.34,31.25,high,low,12,spaceship,,,29/09/2026 23:26
fd835fe2-3690-4505-a989-811beb30b132,conservation.zip,premium,30.22,30.22,high,low,12,spaceship,,,29/09/2026 23:26
234100c8-2ba6-4f77-9ade-aa0a58b9818d,ecosystem.download,premium,362.45,51.95,high,low,9,spaceship,,,06/10/2026 08:32
1b456097-28f1-4309-97a8-76a86ab1536f,green.gives,premium,102.67,102.67,high,medium,5,spaceship,,,09/10/2026 01:37
de7389e4-f175-49c2-bd5a-d834585f9b56,green.maison,premium,102.67,102.67,high,medium,5,spaceship,,,09/10/2026 01:37
2edfc3ee-20b8-4066-a9f4-c23576a8211b,environment.boutique,available,5.99,32.99,high,low,11,namesilo,,,07/10/2026 23:45
86240f1b-55a0-4cc1-a9d7-94ba4351c23b,energy.flights,premium,118.8,118.8,high,medium,6,namesilo,,,08/10/2026 08:27
a34f188f-072a-4d65-9e5b-95e56f4f9abf,ecosystem.cooking,available,26.08,26.08,high,low,9,spaceship,,,06/10/2026 08:32
3162aa7b-d12a-4a42-a9b3-a0222b03e8e9,environment.sexy,available,2587.7,2587.7,high,low,11,spaceship,,,07/10/2026 23:45
6222be7b-0b53-45e5-b11b-eda5242e715c,energy.coffee,premium,99.5,102.67,high,medium,6,unstoppable,,,08/10/2026 08:27
9725cd61-c9c1-488c-9747-21bd8c7b9d3d,conservation.lgbt,available,14.99,79.99,high,low,12,namesilo,,,29/09/2026 23:26
e9b56afe-3825-4e4d-a515-3a31330773e3,conservation.rocks,available,17.2,17.2,high,low,12,cloudflare,,,29/09/2026 23:26
576fcdf9-a0d5-480d-8264-41f4d78edaba,green.life,resell,,,high,medium,5,Dynadot Inc,01/07/2015 16:00,01/07/2027 16:00,09/10/2026 01:37
37068dda-a16c-4946-9c67-8d3ff9817fd3,green.florist,premium,102.67,102.67,high,medium,5,spaceship,,,09/10/2026 01:37
a1c9d092-4dfa-4bfa-b656-68490c24d367,environment.computer,available,18.41,35.53,high,low,11,dynadot,,,07/10/2026 23:45
e290a854-0afe-412d-b675-bc79bd5c2d2e,green.fish,resell,,,high,medium,5,"Spaceship, Inc.",24/03/2025 15:15,24/03/2027 15:15,09/10/2026 01:37
9de99905-3bc0-4407-bd63-4173e009f305,green.sex,available,69.98,154.98,high,medium,5,namecheap,,,09/10/2026 01:37
8c9ca0b6-74be-4ee1-8611-a2749cbf59f0,energy.meme,premium,672.95,672.95,high,medium,6,spaceship,,,08/10/2026 08:27
de803b48-a7ad-4eac-8019-5f35e9fcc422,green.cheap,premium,200.5,242,high,medium,5,unstoppable,,,09/10/2026 01:37
4845e70f-c98f-41b0-adf5-e6a44a823e52,green.cyou,premium,310.7,621.2,high,medium,5,spaceship,,,09/10/2026 01:37
0e2ecc67-fe93-449a-90d9-d23eb79e2552,energy.graphics,available,23.99,23.99,high,medium,6,namesilo,,,08/10/2026 08:27
366bfa13-fd71-4d42-bd57-dc7e280c0a1b,ecosystem.luxury,available,26.97,26.97,high,low,9,dynadot,,,06/10/2026 08:32
b62681c9-cef1-4505-bba9-d68a62ba5131,conservation.courses,available,1.98,50.98,high,low,12,namecheap,,,29/09/2026 23:26
ef69d2cc-fab7-4fcb-a872-9fd68adf4c65,habitat.new,available,412.2,412.2,high,medium,7,spaceship,,,06/10/2026 15:25
ec99aec4-ea3b-4ba1-bffe-b9135febf075,conservation.coffee,available,6.41,34.36,high,low,12,spaceship,,,29/09/2026 23:26
9f66f369-c1f4-4e8b-bf71-1cefd7f6bbf7,ecosystem.baby,available,1.8,81.98,high,low,9,namecheap,,,06/10/2026 08:32
7e595c05-9d24-4edb-b3b8-e8ee71fff8a4,energy.faith,premium,517.7,67.48,high,medium,6,spaceship,,,08/10/2026 08:27
ba7fb011-61b1-4d4e-87e1-474d8127700e,ecosystem.shiksha,available,10.55,41.6,high,low,9,spaceship,,,06/10/2026 08:32
b8e96d37-7ffd-46da-b14d-4e72cbc3c922,energy.fish,premium,118.8,118.8,high,medium,6,namesilo,,,08/10/2026 08:27
a57f6dc0-c050-41d8-9242-443521250bf3,forest.green,premium,768,768,high,low,6,namesilo,,,19/09/2026 06:42
dc2f9e9e-146c-465d-82c8-3ae21f4fa39a,ecosystem.training,available,15,33.32,high,low,9,unstoppable,,,06/10/2026 08:32
37ee9bfd-416a-43a7-9745-5702ab56f033,environment.condos,available,46.78,46.78,high,low,11,spaceship,,,07/10/2026 23:45
1ddf29aa-0645-43a9-bc29-4b9c701ea98e,environment.media,resell,,,high,low,11,Netregistry Wholesale Pty Ltd,08/01/2026 20:26,08/01/2027 20:26,07/10/2026 23:45
4cc1af5b-f876-4680-9e9e-7e01f02a78c4,habitat.hamburg,available,69.98,73.98,high,medium,7,namecheap,,,06/10/2026 15:25
51c36e15-d3a5-47f0-929c-d0f8da70a7c1,forest.organic,available,17.99,85.99,high,low,6,namesilo,,,19/09/2026 06:42
9e97fd05-4fcb-4288-96e5-9e15ac6bd59b,ecosystem.catering,available,38.99,38.99,high,low,9,namesilo,,,06/10/2026 08:32
bb68d742-98b3-4cb2-ad21-735d1daef874,conservation.sydney,available,44.98,54.98,high,low,12,namecheap,,,29/09/2026 23:26
627f9c64-2c86-4a03-badd-14ae19c27af0,conservation.exchange,premium,78.54,78.54,high,low,12,namesilo,,,29/09/2026 23:26
8bc97f15-6f1a-43b5-9c60-433b28857763,energy.fans,premium,,,high,medium,6,TLD Registrar Solutions Ltd.,29/08/2018 12:12,29/08/2027 23:59,08/10/2026 08:27
fce81dae-7789-44a8-96b5-2f5700680aaa,habitat.deal,available,40,38.99,high,medium,7,unstoppable,,,06/10/2026 15:25
378069c0-db4f-4c01-9c30-d5c22b116806,environment.country,available,2064.2,2064.2,high,low,11,spaceship,,,07/10/2026 23:45
8975994d-b242-4e67-9072-2ccd19bdd8a7,environment.sucks,available,213.15,213.15,high,low,11,dynadot,,,07/10/2026 23:45
8b7e17c3-4e48-4772-b0b5-0a012e10d3ab,habitat.osaka,available,32.98,41.98,high,medium,7,namecheap,,,06/10/2026 15:25
5488bb7b-9887-4c86-a8a1-b60d3ae14851,ecosystem.fans,available,4.18,8.46,high,low,9,spaceship,,,06/10/2026 08:32
67f2bcca-e78f-42c4-b2e9-05100bcb76d0,green.stream,resell,,,high,medium,5,"Spaceship, Inc.",26/07/2019 22:19,26/07/2027 22:19,09/10/2026 01:37
d917071b-47a2-4649-a50d-33437691ee7c,habitat.cx,available,19.98,26.98,high,medium,7,namecheap,,,06/10/2026 15:25
9c4415b4-401c-4324-b66e-872b5e042559,ecosystem.repair,available,12,36.99,high,low,9,unstoppable,,,06/10/2026 08:32
7cff6ae9-d365-4ecd-99e5-84b3fd29375c,environment.kitchen,available,10.99,64.99,high,low,11,namesilo,,,07/10/2026 23:45
301bc59d-3f9d-43aa-9cf8-c702ed1de4d1,sustainability.site,premium,312.5,1250,high,medium,14,name.com,,,
dea678eb-ffa0-4cdd-b612-b2d5bff69b5d,conservation.security,available,2140.22,2140.22,high,low,12,dynadot,,,29/09/2026 23:26
61f63f65-7eb8-49bf-b2fb-d13b5ee5206d,habitat.moi,available,27,25.99,high,medium,7,unstoppable,,,06/10/2026 15:25
f16f5e0a-1c04-4c6f-84e6-7dee19aee064,conservation.rsvp,premium,,,high,low,12,,,,29/09/2026 23:26
dc2543dd-7b4a-4767-b47e-ccb1706e50a4,conservation.bingo,available,42.64,42.64,high,low,12,spaceship,,,29/09/2026 23:26
6e8f4cb9-f7d2-4010-807d-7d907f780008,ecosystem.hot,available,51.99,51.99,high,low,9,namesilo,,,06/10/2026 08:32
a6370785-142d-47ba-9a24-2f7afd8f82b4,environment.coffee,available,6.98,53.98,high,low,11,namecheap,,,07/10/2026 23:45
2d775213-e4be-454b-8a9c-acbd213be4cb,energy.cooking,premium,96,29.5,high,medium,6,namesilo,,,08/10/2026 08:27
da06c5a7-0fcc-4b83-87e8-6d6794ef12c6,conservation.vacations,available,31.25,31.25,high,low,12,spaceship,,,29/09/2026 23:26
e972ea6c-eeb1-40a0-b984-91731b10b482,energy.travel,available,27.99,149.99,high,medium,6,namesilo,,,08/10/2026 08:27
2fbf792c-8720-4f85-88a0-66768e2ab58a,environment.kiwi,available,31.98,35.68,high,low,11,namecheap,,,07/10/2026 23:45
f3f10d00-d038-4822-832a-2829d4b5f8c0,conservation.solar,available,51.95,51.95,high,low,12,spaceship,,,29/09/2026 23:26
6cec951f-dcec-4942-80ce-011991f014ff,ecosystem.ryukyu,available,17.98,22.98,high,low,9,namecheap,,,06/10/2026 08:32
d9ad1661-d2a3-48ff-8b82-dbf572972709,ecosystem.ltd,resell,,,high,low,9,Alibaba Cloud Computing Ltd. d/b/a HiChina (www.net.cn),21/02/2020 04:15,21/02/2027 04:15,06/10/2026 08:32
70e37720-deb0-474c-bb4d-0bc937e298fc,energy.car,available,1999.99,2199,high,medium,6,namesilo,,,08/10/2026 08:27
400f78f0-70dd-4137-a8c9-5731ceb564b8,environment.miami,premium,242,21.24,high,low,11,namesilo,,,07/10/2026 23:45
e0191db4-02f5-4287-b618-d83879206f38,habitat.hiphop,available,20.9,20.9,high,medium,7,spaceship,,,06/10/2026 15:25
2a955e6a-95cd-489c-a819-b453f2123000,environment.cricket,premium,382.61,55.11,high,low,11,porkbun,,,07/10/2026 23:45
bd43843c-1a26-4fae-bc7c-38dbf612bb32,ecosystem.dating,available,11.59,51.95,high,low,9,spaceship,,,06/10/2026 08:32
5ecbdc8a-cd8c-4027-a992-e035084ddaae,conservation.mom,available,1.99,26.97,high,low,12,dynadot,,,29/09/2026 23:26
6ef175ef-843d-4e5d-a3d5-b356b61494ba,green.exposed,premium,260,260,high,medium,5,namecheap,,,09/10/2026 01:37
011bb5e3-036d-46a4-a5c3-0b9a50254b7a,green.boston,premium,83,18.83,high,medium,5,spaceship,,,09/10/2026 01:37
a8e4e431-b1be-4c5a-aa6e-ee00a68dca39,green.new,available,412.2,412.2,high,medium,5,spaceship,,,09/10/2026 01:37
1e8bc86c-bc73-44f7-b70c-d7736a6993bf,green.realty,premium,1811.45,2587.7,high,medium,5,spaceship,,,09/10/2026 01:37
39df93dd-f779-431b-9a44-8ad7d6e17221,ecology.energy,available,15.99,114.99,high,low,7,namesilo,,,23/09/2026 18:42
7f75d8a0-912b-44c8-b1a4-450a447ab225,energy.vip,premium,,,high,medium,6,Dynadot Inc,20/04/2017 01:01,20/04/2028 01:01,08/10/2026 08:27
d3a64b0a-a3b1-4d7c-9769-86c08b65da67,environment.srl,premium,54.28,30.68,high,low,11,namesilo,,,07/10/2026 23:45
a28985ac-f286-4f30-b0ec-fe8aa21fa3eb,environment.day,premium,133.72,133.72,high,low,11,spaceship,,,07/10/2026 23:45
8f0854c0-4745-4836-b2dc-722bde713193,ecosystem.delivery,available,5.03,58,high,low,9,dynadot,,,06/10/2026 08:32
b024e0a3-bf83-49d9-b13f-0cc0268e7de0,green.limited,resell,,,high,medium,5,"Spaceship, Inc.",22/01/2024 15:15,22/01/2027 15:15,09/10/2026 01:37
88634ce9-f540-4c4e-bb91-004b07bedb2a,habitat.security,available,1863.2,2000.18,high,medium,7,spaceship,,,06/10/2026 15:25
772ac8db-fbf0-42cc-a084-5f0fe535a8a0,conservation.app,resell,,,high,low,12,,,,29/09/2026 23:26
c1069ec8-2ba8-4850-bbba-b9a0b039377d,ecosystem.gay,available,2,32.32,high,low,9,dynadot,,,06/10/2026 08:32
ccaf5108-9a58-4dd5-9b98-22965771689a,green.dad,premium,516.67,516.67,high,medium,5,spaceship,,,09/10/2026 01:37
f1a54744-14fa-49a2-86a2-c00e9fa9872a,ecosystem.viajes,available,37.99,37.99,high,low,9,namesilo,,,06/10/2026 08:32
eee197ee-68e8-4ab7-b2c6-5c1b2b85493d,nature.company,resell,,,high,low,6,"Spaceship, Inc.",04/06/2019 08:36,04/06/2027 08:36,26/09/2026 07:43
3c48c83d-27a8-4ef1-9fab-2f4a172eae2c,energy.ski,available,26.5,52.01,high,medium,6,unstoppable,,,08/10/2026 08:27
7b8d606d-1d53-4af0-9f0d-9463c320cd4f,habitat.uno,premium,517.7,517.7,high,medium,7,spaceship,,,06/10/2026 15:25
b08561da-7d67-4389-ac81-e690b4c948ea,ecosystem.best,available,2.35,22.99,high,low,9,namesilo,,,06/10/2026 08:32
542ffa3a-f628-4775-83ce-af79410452bc,nature.kids,premium,854,21.24,high,low,6,namesilo,,,08/09/2026 02:43
febbee12-3267-4259-9eea-150336bfd717,nature.pet,resell,,,high,low,6,"Spaceship, Inc.",02/07/2019 03:29,02/07/2027 03:29,26/09/2026 07:43
93cd9e71-4e12-46e5-aaba-18e85eff4265,conservation.black,available,50.2,50.2,high,low,12,cloudflare,,,29/09/2026 23:26
6177bd17-d1d4-441c-84b5-37630e006794,ecosystem.forum,premium,110,110,high,low,9,dynadot,,,06/10/2026 08:32
74ae3940-fc60-42f2-b88d-10acad0aae27,environment.spot,premium,116,116,high,low,11,namesilo,,,07/10/2026 23:45
8daad1ac-1b24-4f08-8a8f-69a1eb607e35,ecosystem.bot,resell,,,high,low,9,"Dynadot, LLC",14/05/2025 07:51,14/05/2027 07:51,06/10/2026 08:32
123dcd93-7be3-4d19-8d4f-cbde28d6b1c1,conservation.rehab,available,36.99,36.99,high,low,12,namesilo,,,29/09/2026 23:26
3af16057-edfc-45bd-93ad-c94624ca5c11,ecosystem.jewelry,available,51.95,51.95,high,low,9,spaceship,,,06/10/2026 08:32
94fc1959-041f-4cad-9ad6-ad5c8b57bc19,green.school,resell,,,high,medium,5,"Xiamen ChinaSource Internet Service Co., Ltd",17/08/2022 13:15,17/08/2027 13:15,09/10/2026 01:37
9131fe32-a619-4839-a141-7b2f35995b9b,ecosystem.navy,available,41.99,41.99,high,low,9,namesilo,,,06/10/2026 08:32
32ae7822-ce13-4292-a7aa-e3a714cf0edb,green.uk,resell,,,high,medium,5,Heart Internet Limited t/a Heart Internet,11/03/2016 11:37,11/03/2028 11:37,09/10/2026 01:37
f371676a-4397-4ae8-9787-ae4c488ce158,green.host,premium,2587.7,5175.2,high,medium,5,spaceship,,,09/10/2026 01:37
d183410f-a42c-42f8-91ae-fcb10596c088,green.shoes,premium,68.51,68.51,high,medium,5,spaceship,,,09/10/2026 01:37
6804e0ce-e7cb-4971-9bc4-eac5dcf7baa7,environment.style,available,16.99,38.99,high,low,11,namesilo,,,07/10/2026 23:45
d69cc382-caaf-445b-8d0b-a4ec4d6e2ca8,environment.lighting,available,18.83,18.83,high,low,11,spaceship,,,07/10/2026 23:45
09e214d3-bcfa-4531-8033-0d0fb90ca01c,green.insure,premium,102.67,102.67,high,medium,5,spaceship,,,09/10/2026 01:37
3dd4599b-2b37-4cb0-9349-200a87e4537f,conservation.doctor,available,13.5,,high,low,12,unstoppable,,,29/09/2026 23:26
11cf2382-aae8-4d3a-8b27-af3cfd0bb3dc,green.engineering,resell,,,high,medium,5,"Global Domains International, Inc. DBA DomainCostClub.com",19/08/2015 16:00,19/08/2028 16:00,09/10/2026 01:37
1293e533-05eb-4a0b-99a6-51dd7641cd32,green.courses,resell,,,high,medium,5,"GoDaddy.com, LLC",07/02/2024 15:07,07/02/2027 15:07,09/10/2026 01:37
79db0943-bf34-463d-b39c-83f987f20457,conservation.immo,available,28.15,28.15,high,low,12,spaceship,,,29/09/2026 23:26
ca406a54-2bb8-4a50-ac67-db5b9b02103a,habitat.observer,premium,29.5,29.5,high,medium,7,namesilo,,,06/10/2026 15:25
f3bf7280-fd65-4772-8b2f-c8b3a96a254c,conservation.fitness,available,2.79,33.32,high,low,12,spaceship,,,29/09/2026 23:26
e19c778e-f7bf-4745-a35d-52561a4394f3,nature.yachts,premium,2600,2600,high,low,6,namecheap,,,08/09/2026 02:43
7c76df3e-6822-427f-a703-d0551bb38783,environment.dating,available,13.06,60.14,high,low,11,dynadot,,,07/10/2026 23:45
581b5da2-0b02-4c92-8894-2476f5ee8be0,environment.coupons,available,5.5,43.67,high,low,11,unstoppable,,,07/10/2026 23:45
d3e9badd-37ab-4550-971b-eb3e3400b529,conservation.dealer,premium,4278,2660,high,low,12,namesilo,,,29/09/2026 23:26
4f45591c-fbb1-409e-984a-30600508e6e4,green.rest,premium,1630.33,2328.95,high,medium,5,spaceship,,,09/10/2026 01:37
f9a1e454-50e8-406e-b64f-1926c36a8ba4,conservation.surgery,available,43.67,43.67,high,low,12,spaceship,,,29/09/2026 23:26
aa609d89-9954-4eaa-97e9-1a1fbfa4c7ec,conservation.observer,premium,11.8,11.8,high,low,12,namesilo,,,29/09/2026 23:26
571d18bd-859e-4985-8144-fb6c4e2b09b3,environment.blog,premium,640,2660,high,low,11,namesilo,,,07/10/2026 23:45
9200ee46-d68b-4b3e-94ff-c45596e49e43,energy.rehab,premium,207.2,207.2,high,medium,6,spaceship,,,08/10/2026 08:27
a41e0afe-4c69-4be1-bce8-37cfdd84a577,nature.diy,premium,455,650,high,low,6,namecheap,,,08/09/2026 02:43
dc535570-8d8b-4c5d-9e0e-5e476a600090,ecosystem.so,available,,,high,high,9,,,,
779cbd3e-c6a0-4d58-86c3-365fa70b59f0,ecosystem.auction,available,29.18,29.18,high,low,9,spaceship,,,06/10/2026 08:32
92962071-da2a-4f51-9cd8-0bd965cf47e5,habitat.courses,available,1.24,31.28,high,medium,7,spaceship,,,06/10/2026 15:25
fada1d73-b6dd-45f7-aa54-4bf914b8c0e8,energy.webcam,premium,517.7,67.48,high,medium,6,spaceship,,,08/10/2026 08:27
ffe914c7-c656-4907-b84d-c6e4bf9b8f7c,ecosystem.cyou,premium,68.43,147.2,high,low,9,namesilo,,,06/10/2026 08:32
5bf4d0b8-3af1-4ed9-ba87-e9c473309be1,conservation.accountant,premium,362.45,51.95,high,low,12,spaceship,,,29/09/2026 23:26
792fd887-a48f-4bbb-ad63-c6f5304a466d,nature.haus,available,11.98,37.98,high,low,6,namecheap,,,08/09/2026 02:43
82dd5b20-266c-45fc-9eb5-02994f14ab18,ecosystem.run,resell,,,high,low,9,"Spaceship, Inc.",17/07/2026 13:11,17/07/2027 13:11,06/10/2026 08:32
a3327067-3a72-4d5c-bd6f-e157ab39095a,habitat.tel,available,9.49,9.49,high,medium,7,spaceship,,,06/10/2026 15:25
36ab1131-4e70-4707-97c0-e87c6a736992,environment.investments,available,6.98,185.48,high,low,11,namecheap,,,07/10/2026 23:45
cc8aaa06-9a9e-4151-9e5f-5701387551d3,habitat.yoga,available,26.08,26.08,high,medium,7,spaceship,,,06/10/2026 15:25
db1901aa-e20c-4787-9b92-270f1c24b647,ecosystem.rsvp,premium,167.7,167.7,high,low,9,namecheap,,,06/10/2026 08:32
0024b80b-661c-4898-8a55-918b9e992e84,energy.cv,premium,1339.98,8.85,high,medium,6,namesilo,,,08/10/2026 08:27
b23a0e3c-fe01-4f34-b6b4-fd3484808801,nature.blog,premium,640,2660,high,low,6,namesilo,,,08/09/2026 02:43
f4e9f7d3-ff5d-40db-a724-a8a65d66bf9c,sustainable.archi,available,18.5,,high,medium,11,unstoppable,,,01/10/2026 22:43
5a108dad-8587-4316-95e5-b9bcc10debf4,energy.fm,premium,1273.6,102,high,medium,6,namesilo,,,08/10/2026 08:27
5f5dbcd8-de7b-4a32-9e10-9007a8987641,climate.bike,available,12,,high,medium,7,unstoppable,,,29/09/2026 10:05
0f705ec6-fb2f-405d-bef0-ae2b86f8a4eb,environment.mobile,premium,310.7,310.7,high,low,11,spaceship,,,07/10/2026 23:45
9d65505a-0aac-4efb-b599-42ef8dca6033,nature.how,premium,122.2,122.2,high,low,6,namecheap,,,08/09/2026 02:43
a42273c5-d669-4e3f-a3b6-99351226ffe8,energy.locker,premium,159.23,8.8,high,medium,6,namesilo,,,08/10/2026 08:27
602d025c-5f06-421e-ac56-62a92640ec6b,ecosystem.mov,premium,61.27,61.27,high,low,9,spaceship,,,06/10/2026 08:32
186167a4-06a3-4596-aa9e-9b6708caf11f,habitat.spot,premium,110,110,high,medium,7,dynadot,,,06/10/2026 15:25
259cebee-6b9e-49a0-9104-b34a3ee02295,environment.builders,available,28.15,28.15,high,low,11,spaceship,,,07/10/2026 23:45
50416b5f-e692-4bf1-824c-462730ecaffb,climate.hair,available,1.99,17.29,high,medium,7,namesilo,,,29/09/2026 10:05
da8da32b-4b9a-4295-8bc8-fceca9edc1f9,nature.apartments,available,19.99,,high,low,6,name.com,,,
79a9d51d-a1ea-4b4d-bcae-772ae5cec7aa,conservation.poker,available,5.38,54.02,high,low,12,spaceship,,,29/09/2026 23:26
6edc9d6f-7269-441d-9028-dc27a6b5ad87,energy.zip,premium,648.7,648.7,high,medium,6,namecheap,,,08/10/2026 08:27
85172607-d3bb-447c-be70-388cfd776280,nature.vet,resell,,,high,low,6,"GoDaddy.com, LLC",08/02/2025 01:48,08/02/2027 01:48,26/09/2026 07:43
8676c417-6bca-49db-86b5-637cb11b06c5,nature.media,resell,,,high,low,6,"Chengdu West Dimension Digital Technology Co., Ltd.",31/01/2021 03:09,31/01/2027 03:09,26/09/2026 07:43
dd34ea5d-0bfe-430e-88d7-941739dcf2c0,ecosystem.lgbt,available,10.92,70.84,high,low,9,dynadot,,,06/10/2026 08:32
26c26785-1ac0-40e6-90dc-c765bc811f05,conservation.tech,resell,,,high,low,12,,,,29/09/2026 23:26
862512ae-e62c-4569-a42c-121a131ad517,ecosystem.toys,available,10.92,60.14,high,low,9,dynadot,,,06/10/2026 08:32
4f9802ea-6af0-4d68-bcc8-020e432228dd,conservation.photos,available,8.24,24.83,high,low,12,dynadot,,,29/09/2026 23:26
a52f17da-6130-4788-99ec-a5542155bfa6,green.lat,resell,,,high,medium,5,Dynadot Inc,30/06/2026 13:20,30/06/2027 23:59,09/10/2026 01:37
f827af30-9e78-42bb-9609-3d50765a5a76,conservation.singles,available,9,,high,low,12,unstoppable,,,29/09/2026 23:26
9521e757-19eb-4bb2-85f5-e65fb711c895,environment.forex,available,11.98,148.98,high,low,11,namecheap,,,07/10/2026 23:45
2e45d748-ee53-4371-ad7f-ae26295073bd,sustainable.io,resell,,,high,medium,11,,,,01/10/2026 22:43
c23fd81c-a1d1-4d7d-8bb8-6bce8f8541df,ecology.vegas,available,12.99,43.99,high,low,7,namesilo,,,23/09/2026 18:42
3f8ea567-7436-461f-b1ad-fee905257d30,conservation.productions,available,10.99,40.49,high,low,12,namesilo,,,29/09/2026 23:26
0f54a46f-46b8-49de-9937-ec5eded55963,green.associates,premium,68.51,68.51,high,medium,5,spaceship,,,09/10/2026 01:37
2ed9b3e7-bb57-489f-a388-3cf807eb1062,habitat.ink,available,1.75,26.08,high,medium,7,spaceship,,,06/10/2026 15:25
9de274ee-c1e4-44e3-a649-4aafc3504aa0,ecosystem.degree,available,40.2,40.2,high,low,9,cloudflare,,,06/10/2026 08:32
367c3a35-be7f-43ef-9af8-4168312b3b31,environment.health,premium,5175.2,62.3,high,low,11,spaceship,,,07/10/2026 23:45
7faa0cb8-7b08-4d8d-ae7c-6d4e8497455c,climate.shoes,available,31.25,51.95,high,medium,7,spaceship,,,29/09/2026 10:05
78467ca2-fc86-444a-959b-283471cbe169,ecosystem.airforce,available,83,83,high,low,9,spaceship,,,06/10/2026 08:32
1616c7be-d187-42a4-872d-c108b3451cd2,nature.online,premium,1625,6500,high,low,6,namecheap,,,08/09/2026 02:43
b2a1590f-e1d5-4896-85ec-d3f725169b6b,conservation.sex,available,95.2,95.2,high,low,12,cloudflare,,,29/09/2026 23:26
56f70109-0406-4c0b-88bb-d7f87956c60c,nature.site,premium,812.5,3250,high,low,6,namecheap,,,08/09/2026 02:43
9492b812-2123-4d54-a365-2ebd7a8d7f2a,ecosystem.foo,premium,61.27,61.27,high,low,9,spaceship,,,06/10/2026 08:32
539ee2bf-8222-4e07-bd76-74389208d0a0,climate.ltda,premium,56.64,33.04,high,medium,7,namesilo,,,29/09/2026 10:05
81f92a17-bb39-46dc-bd0f-834f3da78f5a,environment.auto,available,2070,2950,high,low,11,namecheap,,,07/10/2026 23:45
0e8fb92b-3145-4df8-a1e0-6fea1671cc68,ecosystem.space,premium,258.95,1035.2,high,low,9,spaceship,,,06/10/2026 08:32
f5ae7e48-fa56-413b-b7f6-c82a1a6b9fcb,climate.auto,available,1863.2,2064.2,high,medium,7,spaceship,,,29/09/2026 10:05
f5c3acff-5b42-4502-b9d1-5b6a401828f6,conservation.cloud,resell,,,high,low,12,,,,29/09/2026 23:26
c8a2af5f-73aa-479c-9aa6-bc6e5a7d4b1b,ecosystem.yoga,available,33.98,45.98,high,low,9,namecheap,,,06/10/2026 08:32
cb0599ce-9c9d-48b2-baed-e4056f3965e7,climate.guru,resell,,,high,medium,7,"Sav.com, LLC - 7",11/12/2025 15:15,11/12/2026 15:15,29/09/2026 10:05
098f66c9-369e-414c-a06c-fbb4b2b41647,nature.kim,available,5.98,32.98,high,low,6,namecheap,,,08/09/2026 02:43
e7bf09a1-c909-4b50-aee1-5146a9ac3b9f,energy.guitars,available,104.99,114.99,high,medium,6,namesilo,,,08/10/2026 08:27
de259fe5-3cd6-445a-90a9-8aa978f8564a,green.rehab,premium,220,220,high,medium,5,dynadot,,,09/10/2026 01:37
5fab1304-bf07-4bed-b984-3f2fcddf5319,conservation.motorcycles,available,1.99,17.29,high,low,12,namesilo,,,29/09/2026 23:26
57800ce5-ba86-407d-a6d9-523b7ce60155,nature.paris,available,66.98,66.98,high,low,6,namecheap,,,08/09/2026 02:43
b777e586-849b-4188-95db-15d0800dc95c,sustainability.so,available,68.98,,high,medium,14,namecheap,,,
317ee846-8cb6-4a16-bc69-5a8bbab329f8,conservation.cafe,available,5.98,64.98,high,low,12,namecheap,,,29/09/2026 23:26
554a470b-3313-4c54-bab9-29a3937f0b0b,conservation.meme,premium,,,high,low,12,,,,29/09/2026 23:26
068f7649-7b79-40f4-8b7b-c611d9da27de,conservation.catering,available,31.25,31.25,high,low,12,spaceship,,,29/09/2026 23:26
80cb698c-a364-45b7-8fa9-ae489e8d14c2,conservation.feedback,available,9.99,321.22,high,low,12,dynadot,,,29/09/2026 23:26
d5741bbb-15ca-4b85-b291-e3cec5375455,nature.moda,available,41.99,41.99,high,low,6,namesilo,,,08/09/2026 02:43
aa1212c0-1acd-4bbf-951a-d9ce058d9142,conservation.how,premium,40.57,40.57,high,low,12,spaceship,,,29/09/2026 23:26
ec4d2c6c-d0b8-4475-be7a-907141192eb9,ecosystem.pw,resell,,,high,low,9,"GoDaddy.com, LLC",28/05/2026 02:24,28/05/2027 02:24,06/10/2026 08:32
1f3e848c-b3a2-4a9c-852b-ff2a83c36b73,ecosystem.tickets,available,326.21,388.33,high,low,9,spaceship,,,06/10/2026 08:32
18159365-84ac-4343-8ae0-0c8f67741df8,climate.kim,available,12.99,23.49,high,medium,7,namesilo,,,29/09/2026 10:05
4f66dfe2-1a48-4c7f-98cf-c65e9d1eaf04,ecosystem.camera,available,11.99,48.37,high,low,9,dynadot,,,06/10/2026 08:32
8ef44a35-71fe-49f8-986e-b50acd52ece4,environment.money,available,10.55,28.15,high,low,11,spaceship,,,07/10/2026 23:45
b7035729-3d5e-4fff-928e-e1457785e297,ecosystem.boston,available,24.5,18.88,high,low,9,unstoppable,,,06/10/2026 08:32
f6c25c20-13f2-47ed-8bf9-7e23727c9512,nature.tools,resell,,,high,low,6,"Sav.com, LLC - 18",11/09/2026 15:15,11/09/2027 15:15,26/09/2026 07:43
f6a4826a-d148-42e0-bb0f-b1c4583fc45e,energy.university,premium,128.7,128.7,high,medium,6,namecheap,,,08/10/2026 08:27
991021d9-2509-4f0a-a4fe-06619611a75a,green.cfd,premium,330,660,high,medium,5,dynadot,,,09/10/2026 01:37
2fae0489-ad88-46e3-a087-2f4bcc92970b,energy.bingo,available,53.99,53.99,high,medium,6,namesilo,,,08/10/2026 08:27
3313cd38-851c-4123-a218-f82b1036b2c3,nature.forum,premium,640,640,high,low,6,namesilo,,,08/09/2026 02:43
b08ec4f0-9567-4d73-84ca-4f12eee2c6da,environment.photography,available,6.41,29.18,high,low,11,spaceship,,,07/10/2026 23:45
1be7c9f5-1825-4ac5-a128-e28ef5bef23c,green.direct,resell,,,high,medium,5,"Global Domains International, Inc. DBA DomainCostClub.com",11/12/2025 15:15,11/12/2026 15:15,09/10/2026 01:37
411e73fb-f860-41cd-ab78-06cd710fe617,nature.quest,premium,2600,2600,high,low,6,namecheap,,,08/09/2026 02:43
cb49b534-052a-4937-8645-dffcdd3cf81e,climate.berlin,available,54.82,54.82,high,medium,7,dynadot,,,29/09/2026 10:05
eff56a29-2a7d-4b1f-9964-4678f2e349ac,climate.green,premium,1107,1107,high,medium,7,namesilo,,,29/09/2026 10:05
94a7f233-455e-4350-9698-c8ddcbb37f68,energy.school,resell,,,high,medium,6,"Global Domains International, Inc. DBA DomainCostClub.com",19/05/2026 15:15,19/05/2027 15:15,08/10/2026 08:27
a27c5a5b-757b-442d-8b7b-0047504f82ce,ecosystem.family,available,31.25,31.25,high,low,9,spaceship,,,06/10/2026 08:32
85b4384b-d6ab-427c-aa01-2b599cae126a,climate.cyou,premium,68.43,147.2,high,medium,7,namesilo,,,29/09/2026 10:05
2058737f-23b9-4ee8-83c6-78e263a32e05,habitat.forum,premium,103.7,103.7,high,medium,7,spaceship,,,06/10/2026 15:25
38335b49-009c-49b7-b313-f977fb62055b,conservation.jetzt,available,23.99,23.99,high,low,12,namesilo,,,29/09/2026 23:26
8bab434c-2ac2-47ac-a696-d6dceb9185a0,conservation.hiphop,available,20.9,20.9,high,low,12,spaceship,,,29/09/2026 23:26
c5e9aa9f-8485-4d55-870b-1510b3b9c263,climate.style,available,16.99,38.99,high,medium,7,namesilo,,,29/09/2026 10:05
c8af4209-8b9a-493c-8999-abb28a9b3fad,conservation.tennis,available,50.2,50.2,high,low,12,cloudflare,,,29/09/2026 23:26
ee015d2c-db30-48b0-b7d1-bb225b9fc528,ecosystem.bargains,available,13.14,23.94,high,low,9,spaceship,,,06/10/2026 08:32
e3547567-ba93-43ee-b4e2-99210e44f596,ecology.tips,available,15.99,30.99,high,low,7,namesilo,,,23/09/2026 18:42
3b516e9d-c04b-4160-b6b9-2c7441d11c2f,natural.singles,available,9.49,33.99,high,low,7,namesilo,,,06/10/2026 22:44
ef4bc7a3-4978-4751-9c2d-16bea5b5dff5,natural.school,resell,,,high,low,7,"Xiamen ChinaSource Internet Service Co., Ltd",16/01/2022 13:15,16/01/2027 13:15,06/10/2026 22:44
2c2f66c9-8e90-4349-80fc-13cf68d39eb3,natural.college,available,1.18,51.95,high,low,7,spaceship,,,06/10/2026 22:44
23cef36c-b769-4e44-8e06-f1db733e0b20,conservation.fish,available,36.43,36.43,high,low,12,spaceship,,,29/09/2026 23:26
ac01fe95-67a0-4c79-adcf-aa14ffe696df,conservation.credit,available,6.69,82.9,high,low,12,porkbun,,,29/09/2026 23:26
804491b9-2d29-47c1-bff9-f0081aed7919,green.immo,premium,102.67,102.67,high,medium,5,spaceship,,,09/10/2026 01:37
c95f8cb6-d582-4e10-a0e0-88a192512ad3,climate.contact,resell,14.99,14.99,high,medium,7,namesilo,,,29/09/2026 10:05
a97c3b4d-2c1a-4b3b-a2cc-df085c4b135c,natural.beauty,premium,2660,2660,high,low,7,namesilo,,,06/10/2026 22:44
71171096-7ae0-4a54-abcb-9e6936bb8aff,climate.boo,premium,133.72,133.72,high,medium,7,spaceship,,,29/09/2026 10:05
32a22f9f-6192-4e8f-9a82-052c97cf1d67,environment.group,resell,,,high,low,11,"GoDaddy.com, LLC",08/06/2016 16:00,08/06/2027 16:00,07/10/2026 23:45
d252b5b3-5242-4339-9518-7b5552d8319d,environment.glass,available,58.16,58.16,high,low,11,spaceship,,,07/10/2026 23:45
ebd24b97-ec43-4ad6-873c-549c96c4fe5f,conservation.adult,available,95.2,95.2,high,low,12,cloudflare,,,29/09/2026 23:26
9f1cc95d-f193-4566-b7c8-9bba1274ab45,biodiversity.life,resell,,,high,low,12,,,,09/10/2026 01:34
93a18a42-6979-4882-a3e5-3b7fac257c21,conservation.builders,available,28.15,28.15,high,low,12,spaceship,,,29/09/2026 23:26
6503944e-13ea-4b3a-968e-a81c461269fc,sustainable.vet,available,33.32,33.32,high,medium,11,spaceship,,,01/10/2026 22:43
9f8b378a-2086-4e9a-9af0-9d7ee57a6d6d,nature.channel,premium,648.7,648.7,high,low,6,namecheap,,,08/09/2026 02:43
b9cbbab3-f773-40af-b879-2a9a4321bc97,climate.associates,available,30.2,30.2,high,medium,7,cloudflare,,,29/09/2026 10:05
bbd59cca-9bd4-448f-af29-be1a62652fd1,natural.phd,premium,340.72,340.72,high,low,7,spaceship,,,06/10/2026 22:44
b783a274-40df-44a0-8f15-05483daba155,environment.boo,premium,129.2,133.72,high,low,11,unstoppable,,,07/10/2026 23:45
1f0245ea-587c-4e85-9bdc-decea235ac8c,climate.degree,available,41.6,41.6,high,medium,7,spaceship,,,29/09/2026 10:05
b106abe3-78ca-463f-97a9-e093f40ddec4,energy.top,premium,463.47,463.47,high,medium,6,spaceship,,,08/10/2026 08:27
fc0a5f8e-36a9-44fe-9fa4-a6bafc03fb7b,environment.cruises,available,56.99,56.99,high,low,11,namesilo,,,07/10/2026 23:45
9598c535-8b5d-4846-aa74-315d95b09d8f,climate.holiday,available,64.99,64.99,high,medium,7,namesilo,,,29/09/2026 10:05
5782d151-e62b-4632-b6c9-f82e8afea949,environment.gives,available,11.99,23.01,high,low,11,dynadot,,,07/10/2026 23:45
2f3a90cd-e90f-420b-a38b-520eb06556c5,conservation.shoes,available,64.99,64.99,high,low,12,namesilo,,,29/09/2026 23:26
7b5be6d7-c6b5-47aa-9713-a4b139e9f0c6,climate.pink,premium,68.51,68.51,high,medium,7,spaceship,,,29/09/2026 10:05
4e4e6510-e32b-4759-89ad-7606a9bab880,environment.you,premium,51.95,51.95,high,low,11,spaceship,,,07/10/2026 23:45
f949e146-6dc8-4270-a5d9-8b20aeb3d8c6,climate.talk,premium,71.4,71.4,high,medium,7,namesilo,,,29/09/2026 10:05
8aaa1e0f-2c48-4e87-8640-43d6041f402e,environment.dance,available,10.48,42.48,high,low,11,namecheap,,,07/10/2026 23:45
a8ef0bf9-23fe-4667-9fb3-2f94ddb6a022,ecosystem.cam,available,1.7,14.69,high,low,9,spaceship,,,06/10/2026 08:32
fcd28c21-ce43-47cc-8279-0d35e58e75fe,ecosystem.one,resell,,,high,low,9,Dynadot Inc,16/06/2026 00:00,16/06/2027 00:00,06/10/2026 08:32
38b8db58-3a3a-4249-ab19-9fa6effc0f29,biosphere.organic,available,19.99,73.99,high,low,9,name.com,,,23/09/2026 19:04
d2d67882-9d52-4c5d-be90-b7e2f7ad8c33,biodiversity.lifestyle,available,4.99,32.32,high,low,12,dynadot,,,09/10/2026 01:34
8304a2f1-da22-41d0-aae3-002b89e88291,natural.mba,available,10.55,31.25,high,low,7,spaceship,,,06/10/2026 22:44
52f19fec-9fd7-4b89-9502-69aa70d4eb52,environment.surgery,available,42.2,42.2,high,low,11,cloudflare,,,07/10/2026 23:45
d90c0e8e-1366-4ca5-af64-8e55d8393dd2,nature.lease,available,56.99,56.99,high,low,6,namesilo,,,08/09/2026 02:43
2373eaf7-9471-4293-b6d7-9049fd9e6018,energy.ltd,resell,,,high,medium,6,"Sav.com, LLC - 13",17/09/2026 15:15,17/09/2027 15:15,08/10/2026 08:27
78ab8ca0-4217-4d90-aeaa-39c97bacf15b,climate.porn,available,95.2,95.2,high,medium,7,cloudflare,,,29/09/2026 10:05
4100e677-7f82-429c-86ac-cdcec71d36ad,conservation.new,available,412.46,412.46,high,low,12,porkbun,,,29/09/2026 23:26
72266b97-deef-4e99-ad12-218cdfacf2d4,nature.cheap,available,5.98,49.98,high,low,6,namecheap,,,08/09/2026 02:43
890a0e05-2a8f-4642-bf92-ff555cb4a0c0,ecology.ltda,available,34.99,34.99,high,low,7,namesilo,,,23/09/2026 18:42
47ac9efe-dcda-4b8e-bf39-30fa78356a78,nature.boston,premium,242,21.24,high,low,6,namesilo,,,08/09/2026 02:43
2f962b93-8f06-41ea-aa1c-0a7d7424b18e,nature.cricket,premium,448,53.92,high,low,6,namesilo,,,08/09/2026 02:43
b472ec73-c02e-466e-8e50-41727dfbf24b,green.loans,resell,,,high,medium,5,"GoDaddy.com, LLC",07/02/2024 15:07,07/02/2027 15:07,09/10/2026 01:37
9f6fcb43-6d7e-4ba7-9344-cd306b979576,environment.ventures,available,5.38,47.81,high,low,11,spaceship,,,07/10/2026 23:45
9e737b96-45b5-4a0a-a3f8-84b76c26d159,conservation.tours,available,5.38,49.88,high,low,12,spaceship,,,29/09/2026 23:26
1ccad71b-7cc7-4778-9087-04dc234261f8,nature.hiphop,available,,,high,low,6,,,,
dc9603b0-f852-4d16-8310-78fff97e6f7f,nature.estate,resell,,,high,low,6,Dynadot Inc,17/06/2026 17:00,17/06/2027 17:00,26/09/2026 07:43
cde68d89-76be-4137-bb55-f467e4885be9,environment.forsale,premium,102.67,102.67,high,low,11,spaceship,,,07/10/2026 23:45
cf86969c-0754-4e4e-9339-371f87ac8ed5,natural.associates,available,12.98,49.98,high,low,7,namecheap,,,06/10/2026 22:44
7d9900c1-7e1c-454d-89b4-76d2446524a4,energy.stream,premium,13800,116,high,medium,6,namesilo,,,08/10/2026 08:27
5d2e15dd-4d4b-4799-b6d8-2715fad3de35,green.sale,premium,1035.2,1035.2,high,medium,5,spaceship,,,09/10/2026 01:37
d005f017-546b-4188-aacc-45a124d680e5,ecology.lat,available,1.8,40.98,high,low,7,namecheap,,,23/09/2026 18:42
9eccbcc4-e27b-47c2-9739-82268560fbf7,nature.limo,available,54.99,54.99,high,low,6,namesilo,,,08/09/2026 02:43
3f8a1e9f-d241-4aec-8cef-fcc93febe8fb,environment.tires,available,5.99,78.99,high,low,11,namesilo,,,07/10/2026 23:45
3e894b5a-3c13-4924-8cb4-e983a55848a4,green.rentals,premium,200.5,207.2,high,medium,5,unstoppable,,,09/10/2026 01:37
4d109c42-1d91-4ed1-9b56-35d12e254354,conservation.faith,premium,,,high,low,12,,,,29/09/2026 23:26
2f1b3bf5-3a57-4dad-9d4a-c8489d76f585,habitat.now,resell,,,high,medium,7,"Spaceship, Inc.",10/02/2025 01:35,10/02/2027 01:35,06/10/2026 15:25
f35b5785-bdc2-40cc-a1be-3720e25494c6,environment.cv,available,9.99,9.99,high,low,11,namesilo,,,07/10/2026 23:45
5d8c1b42-b628-4e01-ac53-d8b1b3e62c44,nature.lgbt,premium,640,640,high,low,6,namesilo,,,08/09/2026 02:43
07bed01b-5d21-4abf-a936-060901be65b2,climate.locker,premium,1035.2,31.25,high,medium,7,spaceship,,,29/09/2026 10:05
280ad629-2d11-4b9b-a452-6e04b363d38a,sustainable.food,premium,2660,2660,high,medium,11,namesilo,,,01/10/2026 22:43
6b453583-0d75-4eda-8e49-1842041b4ef6,conservation.market,available,44.49,44.49,high,low,12,namesilo,,,29/09/2026 23:26
640650a5-e8a1-4179-91f8-74c819de7b72,climate.red,resell,,,high,medium,7,"NameSilo, LLC",10/10/2022 03:25,10/10/2027 03:25,01/10/2026 05:18
efb95530-9a39-4a0b-9061-f0052714c549,ecosystem.win,premium,448,53.92,high,low,9,namesilo,,,06/10/2026 08:32
e40051a8-445d-46ab-a86c-3d5a9d32c254,climate.host,premium,312.5,,high,medium,7,name.com,,,29/09/2026 10:05
3039ffe3-ff45-4f4e-931d-bb7d56446fcd,green.repair,premium,200.5,207.2,high,medium,5,unstoppable,,,09/10/2026 01:37
ac879f7c-01a2-40fb-8118-42b220bc614a,ecology.holiday,available,64.99,64.99,high,low,7,namesilo,,,23/09/2026 18:42
54192fa7-7d67-4901-a95d-32987d1a3b31,ecology.direct,available,17.99,41.99,high,low,7,namesilo,,,23/09/2026 18:42
87551b0f-f4c3-4817-9b04-71ef530bf869,energy.lifestyle,premium,550,550,high,medium,6,dynadot,,,08/10/2026 08:27
7f2c6a9f-c794-4868-bf2b-fee7afb729a2,habitat.ceo,available,85.2,70.2,high,medium,7,cloudflare,,,06/10/2026 15:25
6c971ea3-0148-4905-b3bb-9f68ea2a2654,ecology.fashion,available,32.49,32.49,high,low,7,namesilo,,,23/09/2026 18:42
70931420-6c3e-4e9b-b15d-81e378467358,energy.flowers,available,100,100,high,medium,6,cloudflare,,,08/10/2026 08:27
3478d1b7-a983-4470-a8fe-c68bb4c1bfda,ecology.mobi,available,7.49,55.99,high,low,7,namesilo,,,23/09/2026 18:42
d3e61e14-163d-4e61-839f-ef3501087351,ecology.name,available,8.98,9.98,high,low,7,namecheap,,,23/09/2026 18:42
254d78a2-5f1b-48d3-a4ff-21cd3bac10a5,natural.cam,premium,1552.7,14.69,high,low,7,spaceship,,,06/10/2026 22:44
958b6d58-fc70-4d88-ad2f-da739ffbb9a1,ecosystem.courses,available,2.19,38.99,high,low,9,namesilo,,,06/10/2026 08:32
b95b561e-3e06-45d9-97ea-33cb14804050,climate.makeup,available,1.99,17.29,high,medium,7,namesilo,,,29/09/2026 10:05
21ff7dbe-751b-4209-93b7-1b42278e9895,energy.rsvp,premium,499.2,648.7,high,medium,6,unstoppable,,,08/10/2026 08:27
a058685c-a20a-4d15-97f8-c8d4fffe46b4,ecology.hosting,available,309.99,429.99,high,low,7,namesilo,,,23/09/2026 18:42
8741f475-841d-4ede-af88-e4970268f74a,nature.website,premium,650,1300,high,low,6,namecheap,,,08/09/2026 02:43
c0ae6d43-34d5-4d1b-91f3-db9f124a41fc,climate.download,premium,448,53.92,high,medium,7,namesilo,,,29/09/2026 10:05
78c6da57-d21a-4c69-84e5-5e749d361e1f,nature.sucks,premium,2658.67,2658.67,high,low,6,namesilo,,,08/09/2026 02:43
5e08dff8-bd22-4ccf-9f5a-fbb970ed6e43,environment.studio,premium,51.43,102.67,high,low,11,spaceship,,,07/10/2026 23:45
e5bae558-d20a-4efe-9c6f-2fb346ca9c26,ecology.tax,available,14.99,67.49,high,low,7,namesilo,,,23/09/2026 18:42
56bcc8a3-6489-4d8c-aa75-3544c56b67e8,natural.salon,premium,102.67,102.67,high,low,7,spaceship,,,06/10/2026 22:44
7c8dde7c-3cd2-4c73-b703-b1da6b13b150,energy.country,available,2064.2,2064.2,high,medium,6,spaceship,,,08/10/2026 08:27
5c502089-8675-4718-b773-b6b8091da159,environment.law,resell,,,high,low,11,"GoDaddy.com, LLC",14/08/2020 09:14,14/08/2027 09:14,07/10/2026 23:45
99ff1244-b2ac-422f-8686-7bbc44072d9d,nature.soy,premium,418.6,418.6,high,low,6,namecheap,,,08/09/2026 02:43
7d2a3bbf-3b4b-4023-8a28-5eb44b20dc1b,green.meme,premium,1300.2,1345.7,high,medium,5,unstoppable,,,09/10/2026 01:37
032a89ff-d133-4571-809f-e038f0e6bfb3,nature.giving,available,7.48,35.98,high,low,6,namecheap,,,08/09/2026 02:43
73d3dc35-0bc9-4930-a610-5061a4887d98,habitat.dad,premium,129.2,133.72,high,medium,7,unstoppable,,,06/10/2026 15:25
8cebf5b6-0878-49b2-b207-da9268d1dd3a,ecology.wine,available,9.99,59.99,high,low,7,namesilo,,,23/09/2026 18:42
24037a98-4df0-4206-a9c1-a05af2e28e5e,natural.tips,available,11.59,25.04,high,low,7,spaceship,,,06/10/2026 22:44
bd0640e1-d349-4288-8bcb-9dc2e72b0a2c,nature.food,premium,455,650,high,low,6,namecheap,,,08/09/2026 02:43
565232be-cbd7-431b-96cb-c97cf4d5d08d,natural.io,resell,,,high,low,7,"Global Domains International, Inc. DBA DomainCostClub.com",25/07/2018 10:17,25/07/2027 10:17,06/10/2026 22:44
f6775dad-7452-47a2-9053-389dee32b425,conservation.vegas,available,16.51,43.61,high,low,12,dynadot,,,29/09/2026 23:26
e1234b4b-cb16-4384-bc07-b54c5e3418e3,energy.game,premium,1729,1729,high,medium,6,namesilo,,,08/10/2026 08:27
bf3e659c-735b-49ce-829c-aebcf3fc4a56,climate.mba,available,30.2,30.2,high,medium,7,cloudflare,,,29/09/2026 10:05
eaf8f0c9-38c6-4564-ba47-b8c6a99d12fe,energy.hiphop,available,23.99,23.99,high,medium,6,namesilo,,,08/10/2026 08:27
d75ae88f-eb42-46a1-a660-510c45056c5b,conservation.red,available,8.48,18.83,high,low,12,spaceship,,,29/09/2026 23:26
1439a6b8-b232-475e-8201-ec83ebd32cd5,natural.charity,available,14.99,23.99,high,low,7,namesilo,,,06/10/2026 22:44
115b8267-15e4-418a-a99a-7e28a01e6b83,environmental.green,premium,517.7,517.7,high,low,13,spaceship,,,01/10/2026 06:15
e9dddfb0-6eb1-4a8c-8579-123f545ae04d,environment.men,premium,448,53.92,high,low,11,namesilo,,,07/10/2026 23:45
4168b2df-8de5-4471-b57d-2791e30687d3,ecosystem.cool,available,5.98,50.98,high,low,9,namecheap,,,06/10/2026 08:32
7bfe3095-6ba4-4dc4-bba2-bde8a677e0d5,environment.skin,available,1.99,17.29,high,low,11,namesilo,,,07/10/2026 23:45
622401d5-5c69-444c-ae44-d9c76ce0d225,ecology.ceo,available,10.19,129.99,high,low,7,namesilo,,,23/09/2026 18:42
2f24bfc2-e007-4447-8e9f-73ecad04ef48,conservation.degree,available,41.6,41.6,high,low,12,spaceship,,,29/09/2026 23:26
29df50f9-2ff0-4e32-852d-186827901083,natural.osaka,available,26.97,26.97,high,low,7,dynadot,,,06/10/2026 22:44
306a325c-6430-43b1-b3e5-90abaacf5d59,sustainable.lgbt,available,10.55,64.37,high,medium,11,spaceship,,,01/10/2026 22:43
68598752-89f3-43ed-b1b4-1b73325dc4c6,ecology.bond,premium,68.43,147.2,high,low,7,namesilo,,,23/09/2026 18:42
ed50bbfd-ed30-4563-9686-1ae145914e57,environment.soccer,available,20.9,20.9,high,low,11,spaceship,,,07/10/2026 23:45